
DROP TABLE Flight_Attendants;
DROP TABLE Flight_Info;
DROP TABLE Airport;
DROP TABLE Airlines; 
DROP TABLE Pilot;
DROP TABLE Travelers;


CREATE TABLE Airlines (
airline_id varchar(3) PRIMARY KEY,
airline_name varchar(255) NOT NULL UNIQUE );


CREATE TABLE Airport (
airport_id varchar(4) PRIMARY KEY, 
airport_name varchar(255) NOT NULL, 
airport_city varchar(255), 
airport_state VARCHAR(255) );

CREATE TABLE Pilot (
pilot_id int PRIMARY KEY, 
pilot_first_name varchar(255), 
pilot_last_name varchar(255),
pilot_dob date, 
pilot_hiredate date, 
pilot_salary int
);



CREATE TABLE Flight_Info (
flight_no INT PRIMARY KEY, 
flight_airline_id VARCHAR(3),
flight_dept_airport_id VARCHAR(4),
flight_arr_airport_id varchar(4), 
flight_dept_time time, 
flight_arr_time time,
flight_arr_day VARCHAR(255),
flight_gate varchar(4),
flight_pilot_id int,
FOREIGN Key (flight_airline_id) REFERENCES Airlines(airline_id),
FOREIGN KEY (flight_dept_airport_id) REFERENCES Airport(airport_id),
FOREIGN KEY (flight_arr_airport_id) REFERENCES Airport(airport_id),
FOREIGN KEY (flight_pilot_id) REFERENCES Pilot(pilot_id)
);


CREATE TABLE Travelers (
traveler_id INT PRIMARY key,
traveler_first_name varchar(255),
traveler_last_name varchar(255),
traveler_dob date, 
traveler_email varchar(255), 
traveler_phone_num varchar(50) );

CREATE TABLE Flight_Attendants (
attnd_order_id INT PRIMARY key, 
attnd_flight_no int, 
attnd_traveler_id INT, 
attnd_flight_date DATE,
FOREIGN key (attnd_flight_no) REFERENCES Flight_Info(flight_no),
FOREIGN key (attnd_traveler_id) REFERENCES Travelers(traveler_id) );

INSERT INTO Airlines VALUES ('ASA', 'Alaska Airlines');
INSERT INTO Airlines VALUES ('AAY', 'Allegiant Air');
INSERT INTO Airlines VALUES ('AAL', 'American Airlines');
INSERT INTO Airlines VALUES ('DAL', 'Delta Air Lines');
INSERT INTO Airlines VALUES ('FFT', 'Frontier Airlines');
INSERT INTO Airlines VALUES ('HAL', 'Hawaiian Airlines');
INSERT INTO Airlines VALUES ('JBU', 'JetBlue Airways');
INSERT INTO Airlines VALUES ('SWA', 'Southwest Airlines');
INSERT INTO Airlines VALUES ('NKS', 'Spirit Airlines');
INSERT INTO Airlines VALUES ('UAL', 'United Airlines');

INSERT INTO Airport VALUES ('IAH', 'George Bush Intercontinental Airport', 'Houston', 'Texas');
INSERT INTO Airport VALUES ('HOU', 'William P. Hobby Airport', 'Houston', 'Texas');
INSERT INTO Airport VALUES ('DAL', 'Dallas Love Field', 'Dallas', 'Texas');
INSERT INTO Airport VALUES ('DFW', 'Dallas/Forth Worth International Airport', 'Dallas', 'Texas');
INSERT INTO Airport VALUES ('AUS', 'Austin-Bergstrom International Airport', 'Austin', 'Texas');
INSERT INTO Airport VALUES ('SAT', 'San Antonio International Airport', 'San Antonio', 'Texas');
INSERT INTO Airport VALUES ('JFK', 'John F. Kennedy International Airport', 'New York', 'New York');
INSERT INTO Airport VALUES ('LGA', 'LaGuardia Airport', 'New York', 'New York');
INSERT INTO Airport VALUES ('EWR', 'Newark Liberty International Airport', 'Newark', 'New Jersey');
INSERT INTO Airport VALUES ('LAX', 'Los Angeles International Airport', 'Los Angeles', 'California');
INSERT INTO Airport VALUES ('DEN', 'Denver International Airport', 'Denver', 'Colorado');
INSERT INTO Airport VALUES ('PHX', 'Phoenix Sky Harbor International Airport', 'Phoenix', 'Arizona');
INSERT INTO Airport VALUES ('MIA', 'Miami International Airport', 'Miami', 'Florida');
INSERT INTO Airport VALUES ('MCO', 'Orlando International Airport', 'Orlando', 'Texas');
INSERT INTO Airport VALUES ('ATL', 'Hartsfield–Jackson Atlanta International Airport', 'Atlanta', 'Georgia');
INSERT INTO Airport VALUES ('ORD', 'Chicago O Hare International Airport', 'Chicago', 'Illinois');
INSERT INTO Airport VALUES ('MDW', 'Chicago Midway International Airport', 'Chicago', 'Illinois');
INSERT INTO Airport VALUES ('BWI', 'Baltimore/Washington International Thurgood Marshall Airport', 'Baltimore', 'Maryland');
INSERT INTO Airport VALUES ('BOS', 'Gen. Edward Lawrence Logan International Airport', 'Boston', 'Massachusetts');
INSERT INTO Airport VALUES ('DTW', 'Detroit Metropolitan Airport', 'Detroit', 'Michigan');
INSERT INTO Airport VALUES ('MSP', 'Minneapolis-St. Paul International Airport', 'Minneapolis', 'Minnesota');
INSERT INTO Airport VALUES ('MCI', 'Kansas Cty International Airport', 'Kansas City', 'Missouri');
INSERT INTO Airport VALUES ('STL', 'St. Louis Lambert International Airport', 'St. Louis', 'Missouri');
INSERT INTO Airport VALUES ('LAS', 'McCarran International Airport', 'Las Vegas', 'Nevada');
INSERT INTO Airport VALUES ('CLT', 'Charlotte/Douglas International Airport', 'Charlotte', 'North Carolina');
INSERT INTO Airport VALUES ('CLE', 'Cleveland-Hopkins International Airport', 'Cleveland', 'Ohio');
INSERT INTO Airport VALUES ('PDX', 'Portland International Airport', 'Portland', 'Oregon');
INSERT INTO Airport VALUES ('PHL', 'Philadelphia International Airport', 'Philadelphia', 'Pennsylvania');
INSERT INTO Airport VALUES ('PIT', 'Pittsburgh International Airport', 'Pittburgh', 'Pennsylvania');
INSERT INTO Airport VALUES ('BNA', 'Nashville International Airport', 'Nashville', 'Tennessee');
INSERT INTO Airport VALUES ('SLC', 'Salt Lake City International Airport', 'Salt Lake City', 'Utah');
INSERT INTO Airport VALUES ('MKE', 'Milwuakee Mitchell International Airport', 'Milwuakee', 'Wisconsin');
INSERT INTO Airport VALUES ('SEA', 'Seattle-Tacoma International Airport', 'Seattle', 'Washington');
INSERT INTO Airport VALUES ('DCA', 'Ronald Reagan Washington National Airport', 'Washington, D.C. / Arlington County', 'Virginia');
INSERT INTO Airport VALUES ('IAD', 'Washington Dulles International Airport', 'Washington, D.C. / Dulles / Chantilly', 'Virginia');
INSERT INTO Airport VALUES ('ANC', 'Ted Stevens Anchorage International Airport', 'Anchorage', 'Alaska');
INSERT INTO Airport VALUES ('HNL', 'Daniel K. Inouye International Airport', 'Honolulu', 'Hawaii');
INSERT INTO Airport VALUES ('MSY', 'Louis Armstrong New Orleans International Airport', 'New Orleans', 'Louisiana');
INSERT INTO Airport VALUES ('SAN', 'San Diego International Airport', 'San Diego', 'California');

INSERT INTO PILOT VALUES (0, 'Terence', 'Roper','1966-07-14', '2015-10-22', 85536); 
INSERT INTO PILOT VALUES (1, 'Nicholas', 'Petronella','1966-04-11', '2010-08-23', 60596); 
INSERT INTO PILOT VALUES (2, 'Suzanne', 'Hardy','1976-03-22', '2014-10-21', 80500); 
INSERT INTO PILOT VALUES (3, 'Elva', 'Cabading','1989-06-18', '2005-09-17', 57874); 
INSERT INTO PILOT VALUES (4, 'Marie', 'Tretheway','1984-03-10', '2015-09-03', 91136); 
INSERT INTO PILOT VALUES (5, 'Nellie', 'Stringer','1969-12-18', '2009-01-26', 68070); 
INSERT INTO PILOT VALUES (6, 'Harry', 'Jenkins','1980-01-27', '2013-02-21', 71967); 
INSERT INTO PILOT VALUES (7, 'James', 'Arehart','1990-01-06', '2006-05-13', 90530); 
INSERT INTO PILOT VALUES (8, 'Emma', 'Rice','1973-11-26', '2018-12-01', 82564); 
INSERT INTO PILOT VALUES (9, 'Patricia', 'Menter','1992-04-07', '2011-04-15', 51158); 
INSERT INTO PILOT VALUES (10, 'Kenneth', 'Edwards','1979-06-01', '2011-08-17', 68184); 
INSERT INTO PILOT VALUES (11, 'Michael', 'Box','1994-10-26', '2005-11-19', 97239); 
INSERT INTO PILOT VALUES (12, 'Lucy', 'Hale','1971-09-22', '2006-06-08', 50095); 
INSERT INTO PILOT VALUES (13, 'Stacie', 'Phillips','1979-01-24', '2012-02-03', 95136); 
INSERT INTO PILOT VALUES (14, 'Melissa', 'Friedlander','1972-09-05', '2011-03-11', 76842); 
INSERT INTO PILOT VALUES (15, 'Craig', 'Chacon','1966-10-05', '2009-03-09', 59631); 
INSERT INTO PILOT VALUES (16, 'Ann', 'Johnson','1979-04-20', '2015-04-02', 74668); 
INSERT INTO PILOT VALUES (17, 'Stephanie', 'Claycomb','1996-07-27', '2005-02-22', 99768); 
INSERT INTO PILOT VALUES (18, 'Helen', 'Johnson','1974-10-14', '2017-06-26', 98289); 
INSERT INTO PILOT VALUES (19, 'Kathy', 'Mcdonald','1973-10-04', '2018-04-28', 77422); 
INSERT INTO PILOT VALUES (20, 'Donna', 'Thompson','1977-07-09', '2011-10-09', 51022); 
INSERT INTO PILOT VALUES (21, 'Judy', 'Betcher','1987-01-16', '2015-05-17', 74448); 
INSERT INTO PILOT VALUES (22, 'Janice', 'Mendoza','1972-06-01', '2008-01-13', 87775); 
INSERT INTO PILOT VALUES (23, 'Robert', 'Pina','1973-06-15', '2009-06-11', 91239); 
INSERT INTO PILOT VALUES (24, 'Claudia', 'Petrie','1978-01-01', '2009-08-03', 91068); 
INSERT INTO PILOT VALUES (25, 'Ashley', 'Williams','1970-06-21', '2009-02-12', 69757); 
INSERT INTO PILOT VALUES (26, 'Gloria', 'Harris','1992-02-08', '2010-03-13', 82052); 
INSERT INTO PILOT VALUES (27, 'Christopher', 'Fletcher','1975-06-07', '2006-03-20', 97252); 
INSERT INTO PILOT VALUES (28, 'Eileen', 'Bludworth','1979-04-06', '2014-02-10', 87491); 
INSERT INTO PILOT VALUES (29, 'John', 'Mohr','1984-01-21', '2006-07-18', 97298); 
INSERT INTO PILOT VALUES (30, 'Celestine', 'Barnette','1986-05-28', '2015-03-17', 57851); 
INSERT INTO PILOT VALUES (31, 'Ryan', 'Schertz','1992-01-21', '2007-08-21', 65333); 
INSERT INTO PILOT VALUES (32, 'David', 'Martin','1967-07-08', '2015-05-04', 63693); 
INSERT INTO PILOT VALUES (33, 'Jeanine', 'Thompson','1978-01-07', '2016-11-28', 73787); 
INSERT INTO PILOT VALUES (34, 'Gabriel', 'Bigelow','1987-07-17', '2012-04-24', 74519); 
INSERT INTO PILOT VALUES (35, 'Cathy', 'Davis','1986-11-27', '2012-04-13', 54994); 
INSERT INTO PILOT VALUES (36, 'Brian', 'Greer','1996-10-18', '2006-02-28', 62178); 
INSERT INTO PILOT VALUES (37, 'Danika', 'Smith','1982-03-05', '2009-12-04', 53298); 
INSERT INTO PILOT VALUES (38, 'Michael', 'Lawson','1986-10-24', '2006-09-06', 76855); 
INSERT INTO PILOT VALUES (39, 'Linda', 'Robinson','1994-12-22', '2006-03-15', 74594); 
INSERT INTO PILOT VALUES (40, 'John', 'Noble','1977-10-15', '2013-07-16', 80128); 
INSERT INTO PILOT VALUES (41, 'Sharon', 'Allie','1974-08-27', '2014-08-21', 89672); 
INSERT INTO PILOT VALUES (42, 'Evelyn', 'Brahler','1967-01-07', '2013-04-17', 62834); 
INSERT INTO PILOT VALUES (43, 'Roger', 'Zumwalt','1976-04-13', '2011-07-23', 94987); 
INSERT INTO PILOT VALUES (44, 'June', 'Norton','1981-12-26', '2015-09-07', 51311); 
INSERT INTO PILOT VALUES (45, 'Albert', 'Stone','1982-12-18', '2018-06-07', 93005); 
INSERT INTO PILOT VALUES (46, 'Tammy', 'Morrow','1992-10-21', '2016-10-22', 63029); 
INSERT INTO PILOT VALUES (47, 'Kevin', 'Degrenier','1979-03-19', '2016-11-03', 93846); 
INSERT INTO PILOT VALUES (48, 'Terri', 'Lanning','1969-11-13', '2006-03-01', 75136); 
INSERT INTO PILOT VALUES (49, 'Patricia', 'Green','1966-02-28', '2015-03-26', 95250); 
INSERT INTO PILOT VALUES (50, 'Amanda', 'Geiger','1976-02-17', '2006-04-16', 75096); 
INSERT INTO PILOT VALUES (51, 'Sandy', 'Begay','1982-02-18', '2018-05-14', 56918); 
INSERT INTO PILOT VALUES (52, 'Tori', 'Stratton','1992-05-07', '2012-07-26', 85448); 
INSERT INTO PILOT VALUES (53, 'Aron', 'Bass','1977-03-17', '2005-12-11', 98713); 
INSERT INTO PILOT VALUES (54, 'Patrick', 'Howell','1987-08-21', '2016-01-02', 54254); 
INSERT INTO PILOT VALUES (55, 'John', 'Lane','1967-01-11', '2009-01-26', 63441); 
INSERT INTO PILOT VALUES (56, 'Diane', 'Placencia','1977-12-03', '2017-05-12', 61980); 
INSERT INTO PILOT VALUES (57, 'Violet', 'Christiansen','1972-12-01', '2018-01-25', 72696); 
INSERT INTO PILOT VALUES (58, 'Joyce', 'Campbell','1985-03-12', '2014-01-25', 67712); 
INSERT INTO PILOT VALUES (59, 'Ronald', 'Hand','1975-11-11', '2006-12-13', 95262); 
INSERT INTO PILOT VALUES (60, 'Danny', 'Banter','1991-09-12', '2012-01-12', 73981); 
INSERT INTO PILOT VALUES (61, 'Katherine', 'Williams','1975-03-23', '2017-10-09', 53148); 
INSERT INTO PILOT VALUES (62, 'Alison', 'Groves','1984-07-19', '2006-02-19', 71818); 
INSERT INTO PILOT VALUES (63, 'Susan', 'Goddard','1993-08-26', '2009-05-04', 59148); 
INSERT INTO PILOT VALUES (64, 'Eric', 'Schroeder','1980-02-16', '2014-04-20', 59385); 
INSERT INTO PILOT VALUES (65, 'Aline', 'Platter','1984-11-08', '2011-12-08', 79760); 
INSERT INTO PILOT VALUES (66, 'Scott', 'Fisher','1996-05-17', '2016-05-18', 69173); 
INSERT INTO PILOT VALUES (67, 'Patricia', 'Perry','1990-03-08', '2014-11-01', 77032); 
INSERT INTO PILOT VALUES (68, 'William', 'Fernandez','1991-12-08', '2018-04-24', 69096); 
INSERT INTO PILOT VALUES (69, 'Kevin', 'Ewing','1989-12-05', '2015-03-19', 58101); 
INSERT INTO PILOT VALUES (70, 'Herbert', 'Garrison','1968-01-02', '2005-06-11', 81881); 
INSERT INTO PILOT VALUES (71, 'Dorene', 'Gardner','1974-07-25', '2005-08-13', 68132); 
INSERT INTO PILOT VALUES (72, 'Johnny', 'Foster','1983-10-24', '2014-09-27', 57183); 
INSERT INTO PILOT VALUES (73, 'Mary', 'Senato','1994-08-25', '2015-08-12', 75260); 
INSERT INTO PILOT VALUES (74, 'Lauretta', 'Shulte','1965-05-24', '2006-06-08', 70240); 
INSERT INTO PILOT VALUES (75, 'Michele', 'Pena','1978-02-05', '2016-07-07', 64733); 
INSERT INTO PILOT VALUES (76, 'Rachel', 'Miles','1976-07-21', '2018-12-27', 86074); 
INSERT INTO PILOT VALUES (77, 'Lenita', 'Collins','1980-12-19', '2011-06-17', 51572); 
INSERT INTO PILOT VALUES (78, 'Rebecca', 'Messner','1994-10-16', '2008-03-27', 84973); 
INSERT INTO PILOT VALUES (79, 'Patricia', 'Mixon','1982-01-10', '2017-11-27', 87676); 
INSERT INTO PILOT VALUES (80, 'James', 'Quesenberry','1969-12-26', '2018-11-23', 78125); 
INSERT INTO PILOT VALUES (81, 'Serena', 'Mitchell','1985-03-11', '2006-09-12', 81539); 
INSERT INTO PILOT VALUES (82, 'Fred', 'Lanterman','1988-08-14', '2016-05-22', 90900); 
INSERT INTO PILOT VALUES (83, 'Regina', 'Jones','1994-02-18', '2006-12-05', 73407); 
INSERT INTO PILOT VALUES (84, 'Matthew', 'Pickering','1969-08-08', '2017-03-25', 92777); 
INSERT INTO PILOT VALUES (85, 'Paul', 'Knoy','1981-05-02', '2007-03-14', 88516); 
INSERT INTO PILOT VALUES (86, 'John', 'Davis','1968-12-22', '2014-11-05', 61650); 
INSERT INTO PILOT VALUES (87, 'Patricia', 'Garcia','1984-11-24', '2018-01-04', 68631); 
INSERT INTO PILOT VALUES (88, 'Elton', 'West','1983-10-25', '2012-10-26', 88994); 
INSERT INTO PILOT VALUES (89, 'Leroy', 'Lee','1995-07-13', '2013-09-02', 73284); 
INSERT INTO PILOT VALUES (90, 'Ashley', 'Lundy','1966-03-08', '2016-03-17', 51966); 
INSERT INTO PILOT VALUES (91, 'Karen', 'Boxx','1974-09-16', '2005-08-07', 66896); 
INSERT INTO PILOT VALUES (92, 'Sergio', 'King','1981-05-12', '2013-02-07', 75138); 
INSERT INTO PILOT VALUES (93, 'Lynne', 'Jones','1988-09-07', '2009-06-11', 82386); 
INSERT INTO PILOT VALUES (94, 'Marjorie', 'Yarbrough','1980-03-05', '2009-05-02', 69716); 
INSERT INTO PILOT VALUES (95, 'Mary', 'Austell','1994-05-20', '2008-07-06', 68702); 
INSERT INTO PILOT VALUES (96, 'Betty', 'Cruz','1992-05-05', '2008-12-23', 77867); 
INSERT INTO PILOT VALUES (97, 'Jared', 'Ambrose','1985-12-14', '2018-12-10', 74046); 
INSERT INTO PILOT VALUES (98, 'Carmen', 'Miser','1986-11-05', '2006-08-25', 64637); 
INSERT INTO PILOT VALUES (99, 'Mary', 'Kuter','1992-09-21', '2014-10-10', 81177); 
INSERT INTO PILOT VALUES (100, 'Julia', 'Atkins','1984-12-17', '2012-05-26', 93383); 
INSERT INTO PILOT VALUES (101, 'Daniel', 'Flowers','1969-11-14', '2015-08-06', 69368); 
INSERT INTO PILOT VALUES (102, 'Victor', 'Esqueda','1986-11-05', '2017-03-08', 96289); 
INSERT INTO PILOT VALUES (103, 'Clyde', 'Thompson','1980-01-25', '2017-06-08', 88368); 
INSERT INTO PILOT VALUES (104, 'Joey', 'Stike','1990-12-27', '2008-11-10', 95558); 
INSERT INTO PILOT VALUES (105, 'David', 'Canada','1990-12-19', '2014-01-16', 74197); 
INSERT INTO PILOT VALUES (106, 'Christopher', 'Stuckey','1984-10-10', '2008-09-03', 59268); 
INSERT INTO PILOT VALUES (107, 'Sharon', 'Hill','1988-09-21', '2012-10-15', 79173); 
INSERT INTO PILOT VALUES (108, 'Sean', 'Edmonson','1987-02-15', '2011-07-05', 61440); 
INSERT INTO PILOT VALUES (109, 'Richard', 'Nordahl','1977-07-06', '2015-12-07', 61919); 
INSERT INTO PILOT VALUES (110, 'Andrew', 'Perez','1976-08-09', '2007-05-08', 57146); 
INSERT INTO PILOT VALUES (111, 'Dale', 'Mclaughlin','1966-05-20', '2014-06-01', 57021); 
INSERT INTO PILOT VALUES (112, 'William', 'Peeler','1969-05-06', '2017-02-20', 81659); 
INSERT INTO PILOT VALUES (113, 'Violet', 'Spivey','1987-08-23', '2014-12-11', 54325); 
INSERT INTO PILOT VALUES (114, 'Joseph', 'Prucha','1966-04-28', '2013-10-07', 86942); 
INSERT INTO PILOT VALUES (115, 'Cory', 'Muller','1973-06-11', '2009-07-01', 55139); 
INSERT INTO PILOT VALUES (116, 'Luis', 'Loggins','1989-06-14', '2015-03-03', 67050); 
INSERT INTO PILOT VALUES (117, 'John', 'Seymore','1989-05-27', '2016-01-25', 60083); 
INSERT INTO PILOT VALUES (118, 'Robert', 'Wright','1993-09-25', '2014-06-16', 71747); 
INSERT INTO PILOT VALUES (119, 'Mason', 'Young','1968-07-05', '2011-01-18', 53135); 
INSERT INTO PILOT VALUES (120, 'Charlie', 'Tse','1996-04-15', '2007-05-02', 89955); 
INSERT INTO PILOT VALUES (121, 'Robert', 'Morales','1967-06-25', '2016-07-10', 85274); 
INSERT INTO PILOT VALUES (122, 'John', 'Ward','1993-11-27', '2017-10-05', 78566); 
INSERT INTO PILOT VALUES (123, 'Carolyn', 'Michaud','1974-11-24', '2012-07-20', 79550); 
INSERT INTO PILOT VALUES (124, 'Stacy', 'Martinez','1971-06-07', '2007-01-11', 70199); 
INSERT INTO PILOT VALUES (125, 'Bernard', 'Sparkman','1979-05-02', '2014-05-18', 70407); 
INSERT INTO PILOT VALUES (126, 'Willie', 'French','1966-07-17', '2009-08-01', 81367); 
INSERT INTO PILOT VALUES (127, 'Angela', 'Warbritton','1995-09-02', '2006-12-01', 86045); 
INSERT INTO PILOT VALUES (128, 'Craig', 'Mondier','1994-04-12', '2016-11-04', 81246); 
INSERT INTO PILOT VALUES (129, 'William', 'Maynard','1970-04-06', '2015-06-28', 89342); 
INSERT INTO PILOT VALUES (130, 'Wilson', 'Chace','1990-12-12', '2018-07-22', 56519); 
INSERT INTO PILOT VALUES (131, 'Jared', 'Dixon','1966-09-21', '2012-03-18', 98666); 
INSERT INTO PILOT VALUES (132, 'Mark', 'Brook','1975-12-28', '2014-06-16', 56003); 
INSERT INTO PILOT VALUES (133, 'Kim', 'Karlin','1991-09-18', '2017-11-24', 88158); 
INSERT INTO PILOT VALUES (134, 'Gloria', 'Dominguez','1975-02-17', '2007-05-21', 92471); 
INSERT INTO PILOT VALUES (135, 'Staci', 'Reder','1979-10-12', '2014-04-08', 63955); 
INSERT INTO PILOT VALUES (136, 'Melvin', 'Parker','1983-03-18', '2011-04-04', 53095); 
INSERT INTO PILOT VALUES (137, 'Rosendo', 'Myers','1968-12-13', '2016-08-18', 96753); 
INSERT INTO PILOT VALUES (138, 'Monica', 'Russell','1965-03-08', '2012-05-14', 88380); 
INSERT INTO PILOT VALUES (139, 'Brian', 'Sullivan','1993-02-27', '2010-02-26', 54703); 
INSERT INTO PILOT VALUES (140, 'James', 'Wilson','1971-08-14', '2007-09-03', 79376); 
INSERT INTO PILOT VALUES (141, 'Sharon', 'Lum','1993-03-09', '2005-03-10', 69992); 
INSERT INTO PILOT VALUES (142, 'Joyce', 'Sussman','1986-07-06', '2014-03-20', 72991); 
INSERT INTO PILOT VALUES (143, 'Christopher', 'Vachon','1969-05-14', '2012-05-28', 81179); 
INSERT INTO PILOT VALUES (144, 'David', 'Smith','1981-04-07', '2012-12-22', 70733); 
INSERT INTO PILOT VALUES (145, 'Del', 'Mcclain','1992-11-18', '2015-11-11', 62472); 
INSERT INTO PILOT VALUES (146, 'Gerald', 'Thompson','1972-05-22', '2017-11-22', 94042); 
INSERT INTO PILOT VALUES (147, 'Mary', 'Sammarco','1987-12-07', '2018-12-27', 58470); 
INSERT INTO PILOT VALUES (148, 'Alex', 'Nagel','1981-02-19', '2018-01-09', 85657); 
INSERT INTO PILOT VALUES (149, 'Donald', 'Makin','1986-08-05', '2012-05-23', 86977); 
INSERT INTO PILOT VALUES (150, 'Joseph', 'Oakes','1975-01-01', '2018-08-02', 77225); 
INSERT INTO PILOT VALUES (151, 'Sara', 'Cannady','1975-02-23', '2010-08-11', 67202); 
INSERT INTO PILOT VALUES (152, 'Jacob', 'Altobell','1995-11-02', '2017-08-05', 73703); 
INSERT INTO PILOT VALUES (153, 'Debra', 'Shiring','1982-06-13', '2009-08-24', 77863); 
INSERT INTO PILOT VALUES (154, 'Pedro', 'Orourke','1970-01-15', '2014-01-23', 62571); 
INSERT INTO PILOT VALUES (155, 'June', 'Brooks','1994-11-05', '2015-04-12', 84089); 
INSERT INTO PILOT VALUES (156, 'Genevive', 'Beckett','1967-12-25', '2009-02-01', 61323); 
INSERT INTO PILOT VALUES (157, 'Cindy', 'Clark','1986-10-09', '2011-04-26', 51243); 
INSERT INTO PILOT VALUES (158, 'Louise', 'Stover','1971-12-03', '2016-01-21', 52613); 
INSERT INTO PILOT VALUES (159, 'Dennis', 'Long','1987-09-28', '2016-02-09', 81249); 
INSERT INTO PILOT VALUES (160, 'Sandra', 'Rentz','1965-12-15', '2013-06-10', 84509); 
INSERT INTO PILOT VALUES (161, 'Steve', 'Carter','1987-04-12', '2017-02-14', 69045); 
INSERT INTO PILOT VALUES (162, 'Laurie', 'Marshall','1980-03-10', '2013-10-10', 98678); 
INSERT INTO PILOT VALUES (163, 'Jean', 'Oconnor','1978-03-05', '2008-05-23', 88422); 
INSERT INTO PILOT VALUES (164, 'Joe', 'Situ','1989-12-07', '2010-12-10', 92351); 
INSERT INTO PILOT VALUES (165, 'Jose', 'Stevens','1983-12-26', '2009-10-19', 51097); 
INSERT INTO PILOT VALUES (166, 'Henry', 'Lawrence','1990-03-10', '2011-06-17', 91410); 
INSERT INTO PILOT VALUES (167, 'Anna', 'Joiner','1984-12-12', '2006-11-04', 96682); 
INSERT INTO PILOT VALUES (168, 'Kimberly', 'Schmidt','1966-08-28', '2011-03-11', 95803); 
INSERT INTO PILOT VALUES (169, 'Gail', 'Kee','1979-03-24', '2018-09-25', 64319); 
INSERT INTO PILOT VALUES (170, 'Anthony', 'Gonzales','1979-02-28', '2017-10-04', 94363); 
INSERT INTO PILOT VALUES (171, 'Ralph', 'Duffy','1982-09-08', '2010-06-19', 91220); 
INSERT INTO PILOT VALUES (172, 'Deidra', 'Griglen','1994-04-13', '2008-10-07', 61922); 
INSERT INTO PILOT VALUES (173, 'Traci', 'Morales','1977-11-02', '2017-02-23', 84938); 
INSERT INTO PILOT VALUES (174, 'Nellie', 'Dubuque','1991-01-28', '2011-02-26', 92071); 
INSERT INTO PILOT VALUES (175, 'Wilbur', 'Saunders','1982-05-10', '2010-02-04', 94127); 
INSERT INTO PILOT VALUES (176, 'Marjorie', 'Pruett','1982-01-11', '2013-03-03', 73723); 
INSERT INTO PILOT VALUES (177, 'Ruth', 'Redway','1977-10-13', '2017-03-07', 97708); 
INSERT INTO PILOT VALUES (178, 'Erin', 'Nicks','1996-04-02', '2006-12-04', 55249); 
INSERT INTO PILOT VALUES (179, 'William', 'England','1983-09-13', '2015-02-26', 59987); 
INSERT INTO PILOT VALUES (180, 'Russel', 'Puente','1965-12-20', '2007-12-06', 52135); 
INSERT INTO PILOT VALUES (181, 'Kelvin', 'Tang','1988-05-25', '2017-03-18', 99452); 
INSERT INTO PILOT VALUES (182, 'Eric', 'Smith','1987-03-18', '2011-03-10', 50811); 
INSERT INTO PILOT VALUES (183, 'Cynthia', 'Eads','1988-05-10', '2016-02-24', 93541); 
INSERT INTO PILOT VALUES (184, 'Tammy', 'Torelli','1988-02-16', '2006-08-18', 52322); 
INSERT INTO PILOT VALUES (185, 'Barbara', 'Reck','1986-12-18', '2008-10-26', 73861); 
INSERT INTO PILOT VALUES (186, 'Robert', 'Whitfill','1986-11-24', '2005-10-24', 72342); 
INSERT INTO PILOT VALUES (187, 'Carolyn', 'Carson','1975-07-05', '2009-09-18', 69758); 
INSERT INTO PILOT VALUES (188, 'Aaron', 'Stephenson','1984-09-03', '2016-01-13', 94031); 
INSERT INTO PILOT VALUES (189, 'Gene', 'Case','1990-01-28', '2007-05-07', 56933); 
INSERT INTO PILOT VALUES (190, 'Ruth', 'Freeman','1978-03-27', '2018-10-24', 54201); 
INSERT INTO PILOT VALUES (191, 'John', 'Brown','1985-04-25', '2006-01-20', 75816); 
INSERT INTO PILOT VALUES (192, 'Alla', 'Prost','1996-01-05', '2012-10-01', 86810); 
INSERT INTO PILOT VALUES (193, 'Margaret', 'Cruse','1975-08-08', '2006-09-13', 79079); 
INSERT INTO PILOT VALUES (194, 'Dana', 'Beasley','1980-09-10', '2009-11-20', 96306); 
INSERT INTO PILOT VALUES (195, 'Matthew', 'Maddox','1984-03-12', '2012-06-25', 66639); 
INSERT INTO PILOT VALUES (196, 'Milton', 'Bennett','1969-04-04', '2010-04-22', 75970); 
INSERT INTO PILOT VALUES (197, 'Brian', 'Smith','1970-03-25', '2010-09-27', 53283); 
INSERT INTO PILOT VALUES (198, 'Kenneth', 'Ferguson','1966-03-26', '2014-09-21', 57927); 
INSERT INTO PILOT VALUES (199, 'Ramon', 'Chan','1967-05-07', '2006-07-05', 94989); 
INSERT INTO PILOT VALUES (200, 'Donald', 'Cape','1981-10-16', '2016-04-11', 79473); 
INSERT INTO PILOT VALUES (201, 'Carol', 'Ortiz','1979-04-24', '2007-12-01', 55426); 
INSERT INTO PILOT VALUES (202, 'Perry', 'Garner','1980-07-24', '2010-09-10', 93686); 
INSERT INTO PILOT VALUES (203, 'Virgil', 'Matthews','1996-05-25', '2017-12-04', 94618); 
INSERT INTO PILOT VALUES (204, 'Edwina', 'Gould','1976-08-05', '2005-10-15', 88507); 
INSERT INTO PILOT VALUES (205, 'Lawrence', 'Namm','1990-07-02', '2016-05-02', 62320); 
INSERT INTO PILOT VALUES (206, 'James', 'Franks','1985-11-04', '2018-07-09', 82300); 
INSERT INTO PILOT VALUES (207, 'Janie', 'Kofford','1989-04-14', '2009-05-23', 88885); 
INSERT INTO PILOT VALUES (208, 'Michael', 'Chan','1980-01-23', '2015-01-09', 69631); 
INSERT INTO PILOT VALUES (209, 'Michael', 'Powles','1994-11-20', '2007-06-25', 94073); 
INSERT INTO PILOT VALUES (210, 'Jane', 'Montoya','1982-12-01', '2007-07-11', 91734); 
INSERT INTO PILOT VALUES (211, 'Blanche', 'Vogel','1966-07-25', '2018-03-01', 62666); 
INSERT INTO PILOT VALUES (212, 'Wayne', 'Loveall','1989-03-16', '2010-06-18', 63807); 
INSERT INTO PILOT VALUES (213, 'Mildred', 'Waring','1972-05-24', '2010-03-14', 51269); 
INSERT INTO PILOT VALUES (214, 'Debra', 'Sysyn','1990-02-14', '2010-10-01', 83045); 
INSERT INTO PILOT VALUES (215, 'Richard', 'Walter','1987-11-18', '2018-03-26', 59314); 
INSERT INTO PILOT VALUES (216, 'Gladys', 'Sneller','1983-06-13', '2015-04-26', 89432); 
INSERT INTO PILOT VALUES (217, 'Angel', 'Prospero','1993-03-09', '2010-12-05', 80412); 
INSERT INTO PILOT VALUES (218, 'Lindsay', 'Jones','1967-03-26', '2014-11-04', 58343); 
INSERT INTO PILOT VALUES (219, 'Williams', 'Vanwinkle','1977-12-14', '2005-09-22', 73288); 
INSERT INTO PILOT VALUES (220, 'Heather', 'Blanchard','1985-07-19', '2009-08-22', 57832); 
INSERT INTO PILOT VALUES (221, 'Delores', 'Robertson','1973-07-03', '2006-04-07', 82651); 
INSERT INTO PILOT VALUES (222, 'David', 'Bond','1967-08-28', '2006-09-23', 91683); 
INSERT INTO PILOT VALUES (223, 'Tiffany', 'Goins','1966-02-12', '2015-12-06', 77226); 
INSERT INTO PILOT VALUES (224, 'Francisco', 'Robertson','1987-06-24', '2014-09-08', 99707); 
INSERT INTO PILOT VALUES (225, 'Linda', 'Lassiter','1983-06-28', '2009-02-13', 75240); 
INSERT INTO PILOT VALUES (226, 'Mary', 'Lopez','1985-05-12', '2013-08-17', 55405); 
INSERT INTO PILOT VALUES (227, 'Raymond', 'Huggins','1990-11-26', '2009-08-22', 81966); 
INSERT INTO PILOT VALUES (228, 'Rosa', 'Featherston','1991-01-15', '2018-12-24', 53439); 
INSERT INTO PILOT VALUES (229, 'Stacy', 'Bellamy','1970-06-18', '2016-11-27', 89993); 
INSERT INTO PILOT VALUES (230, 'Bonita', 'Sipe','1994-03-15', '2010-06-26', 82769); 
INSERT INTO PILOT VALUES (231, 'Gordon', 'Mendoza','1970-03-17', '2012-12-13', 77613); 
INSERT INTO PILOT VALUES (232, 'Tamika', 'Nolasco','1977-03-16', '2012-12-28', 74483); 
INSERT INTO PILOT VALUES (233, 'Linda', 'Pool','1995-01-05', '2007-06-07', 97161); 
INSERT INTO PILOT VALUES (234, 'Cheri', 'Munch','1969-10-19', '2012-05-25', 69343); 
INSERT INTO PILOT VALUES (235, 'Elizabeth', 'Couch','1986-03-12', '2005-05-02', 93923); 
INSERT INTO PILOT VALUES (236, 'Claude', 'Boyd','1982-01-23', '2008-08-04', 50614); 
INSERT INTO PILOT VALUES (237, 'Rose', 'Swaney','1971-03-10', '2009-11-07', 54443); 
INSERT INTO PILOT VALUES (238, 'Ralph', 'Finkel','1996-09-03', '2010-11-14', 63432); 
INSERT INTO PILOT VALUES (239, 'Hannah', 'Otero','1992-10-15', '2006-09-15', 55799); 
INSERT INTO PILOT VALUES (240, 'Elisa', 'Bauer','1977-03-14', '2012-03-14', 67119); 
INSERT INTO PILOT VALUES (241, 'Mary', 'Barraza','1966-08-04', '2015-12-22', 57439); 
INSERT INTO PILOT VALUES (242, 'Eileen', 'Defalco','1987-07-20', '2006-01-05', 63461); 
INSERT INTO PILOT VALUES (243, 'Carla', 'Chait','1966-12-27', '2017-12-23', 55590); 
INSERT INTO PILOT VALUES (244, 'Mary', 'Hensley','1965-03-23', '2012-09-27', 78801); 
INSERT INTO PILOT VALUES (245, 'John', 'Sunday','1982-08-15', '2009-12-22', 94010); 
INSERT INTO PILOT VALUES (246, 'Steven', 'Johnson','1975-01-23', '2009-02-28', 54759); 
INSERT INTO PILOT VALUES (247, 'Ingrid', 'Prater','1974-02-09', '2014-12-14', 95449); 
INSERT INTO PILOT VALUES (248, 'Joy', 'Ault','1995-11-16', '2008-01-12', 89384); 
INSERT INTO PILOT VALUES (249, 'Aubrey', 'Giannini','1974-12-10', '2012-07-12', 50252); 

INSERT INTO TRAVELERS VALUES (0, 'Marcia', 'Jurado', '1988-07-07', 'marciajurado@hotmail.com', '(775) 663-3691'); 
INSERT INTO TRAVELERS VALUES (1, 'Derek', 'Baker', '1978-02-06', 'derekbaker@outlook.com', '(905) 931-9213'); 
INSERT INTO TRAVELERS VALUES (2, 'Patricia', 'Durante', '1967-08-20', 'patriciadurante@hotmail.com', '(486) 435-3201'); 
INSERT INTO TRAVELERS VALUES (3, 'Brian', 'Clark', '1986-01-07', 'brianclark@gmail.com', '(270) 376-4690'); 
INSERT INTO TRAVELERS VALUES (4, 'Katina', 'Keller', '1981-05-28', 'katinakeller@hotmail.com', '(650) 272-6218'); 
INSERT INTO TRAVELERS VALUES (5, 'Alice', 'Cecil', '1994-01-11', 'alicececil@outlook.com', '(495) 018-3403'); 
INSERT INTO TRAVELERS VALUES (6, 'Darryl', 'Cheek', '1975-11-08', 'darrylcheek@outlook.com', '(438) 144-5259'); 
INSERT INTO TRAVELERS VALUES (7, 'Chu', 'Jones', '1995-11-15', 'chujones@outlook.com', '(694) 435-5828'); 
INSERT INTO TRAVELERS VALUES (8, 'Ward', 'Meyers', '1992-10-18', 'wardmeyers@gmail.com', '(988) 747-6658'); 
INSERT INTO TRAVELERS VALUES (9, 'Earl', 'Robinson', '1990-12-22', 'earlrobinson@yahoo.com', '(472) 542-3984'); 
INSERT INTO TRAVELERS VALUES (10, 'Debra', 'Lynch', '1968-02-07', 'debralynch@yahoo.com', '(848) 981-8689'); 
INSERT INTO TRAVELERS VALUES (11, 'Nancy', 'Wisman', '1970-03-14', 'nancywisman@yahoo.com', '(745) 467-0336'); 
INSERT INTO TRAVELERS VALUES (12, 'Robin', 'Swan', '1966-08-10', 'robinswan@yahoo.com', '(977) 510-4215'); 
INSERT INTO TRAVELERS VALUES (13, 'Joseph', 'Canada', '1980-05-12', 'josephcanada@hotmail.com', '(972) 409-9078'); 
INSERT INTO TRAVELERS VALUES (14, 'Darrin', 'Rapoza', '1992-03-22', 'darrinrapoza@outlook.com', '(705) 757-2809'); 
INSERT INTO TRAVELERS VALUES (15, 'Ernest', 'Warren', '1977-12-21', 'ernestwarren@gmail.com', '(422) 146-5103'); 
INSERT INTO TRAVELERS VALUES (16, 'Tracey', 'Kelly', '1966-02-25', 'traceykelly@yahoo.com', '(890) 904-6716'); 
INSERT INTO TRAVELERS VALUES (17, 'Consuelo', 'Chandler', '1983-09-07', 'consuelochandler@outlook.com', '(240) 177-0830'); 
INSERT INTO TRAVELERS VALUES (18, 'John', 'Nieves', '1975-07-19', 'johnnieves@outlook.com', '(363) 926-9920'); 
INSERT INTO TRAVELERS VALUES (19, 'Margaret', 'Pruitt', '1990-05-27', 'margaretpruitt@gmail.com', '(764) 461-2409'); 
INSERT INTO TRAVELERS VALUES (20, 'Christina', 'Sweat', '1995-03-12', 'christinasweat@outlook.com', '(899) 025-3913'); 
INSERT INTO TRAVELERS VALUES (21, 'Janeen', 'Garrett', '1988-09-12', 'janeengarrett@yahoo.com', '(762) 603-0396'); 
INSERT INTO TRAVELERS VALUES (22, 'Lonnie', 'Hatton', '1986-09-02', 'lonniehatton@hotmail.com', '(534) 450-2436'); 
INSERT INTO TRAVELERS VALUES (23, 'David', 'Christophe', '1995-04-09', 'davidchristophe@gmail.com', '(668) 298-0147'); 
INSERT INTO TRAVELERS VALUES (24, 'Martin', 'Goodman', '1970-04-11', 'martingoodman@yahoo.com', '(792) 079-1269'); 
INSERT INTO TRAVELERS VALUES (25, 'Gregory', 'Patrick', '1988-07-03', 'gregorypatrick@outlook.com', '(955) 758-0235'); 
INSERT INTO TRAVELERS VALUES (26, 'William', 'Burks', '1969-12-28', 'williamburks@outlook.com', '(645) 463-1429'); 
INSERT INTO TRAVELERS VALUES (27, 'Pamela', 'Hines', '1977-02-09', 'pamelahines@yahoo.com', '(785) 250-6183'); 
INSERT INTO TRAVELERS VALUES (28, 'Dorothy', 'Briscoe', '1987-02-23', 'dorothybriscoe@yahoo.com', '(956) 520-0407'); 
INSERT INTO TRAVELERS VALUES (29, 'Laura', 'Foster', '1990-09-02', 'laurafoster@gmail.com', '(295) 958-7882'); 
INSERT INTO TRAVELERS VALUES (30, 'Patricia', 'Samuels', '1995-10-16', 'patriciasamuels@hotmail.com', '(374) 209-5268'); 
INSERT INTO TRAVELERS VALUES (31, 'Jeremy', 'Kraft', '1981-11-02', 'jeremykraft@hotmail.com', '(526) 556-6221'); 
INSERT INTO TRAVELERS VALUES (32, 'Jonathan', 'Ray', '1980-08-06', 'jonathanray@outlook.com', '(519) 318-5545'); 
INSERT INTO TRAVELERS VALUES (33, 'David', 'Ward', '1995-01-17', 'davidward@gmail.com', '(597) 464-8831'); 
INSERT INTO TRAVELERS VALUES (34, 'George', 'Rodriguez', '1986-04-10', 'georgerodriguez@outlook.com', '(439) 085-1409'); 
INSERT INTO TRAVELERS VALUES (35, 'Daniel', 'Johnson', '1987-03-17', 'danieljohnson@outlook.com', '(744) 432-5008'); 
INSERT INTO TRAVELERS VALUES (36, 'Kristina', 'Larsen', '1985-01-25', 'kristinalarsen@gmail.com', '(269) 761-5234'); 
INSERT INTO TRAVELERS VALUES (37, 'Florence', 'Mckinney', '1991-03-20', 'florencemckinney@yahoo.com', '(210) 131-3043'); 
INSERT INTO TRAVELERS VALUES (38, 'Michael', 'Jeffers', '1995-10-28', 'michaeljeffers@hotmail.com', '(708) 379-0616'); 
INSERT INTO TRAVELERS VALUES (39, 'Louis', 'Call', '1974-06-17', 'louiscall@hotmail.com', '(584) 741-6126'); 
INSERT INTO TRAVELERS VALUES (40, 'Gerald', 'Hanson', '1991-03-19', 'geraldhanson@yahoo.com', '(576) 530-8027'); 
INSERT INTO TRAVELERS VALUES (41, 'Nancy', 'Lance', '1983-11-18', 'nancylance@gmail.com', '(855) 969-5706'); 
INSERT INTO TRAVELERS VALUES (42, 'Mary', 'Mangina', '1988-01-01', 'marymangina@gmail.com', '(926) 788-8731'); 
INSERT INTO TRAVELERS VALUES (43, 'Ramona', 'Hathorn', '1971-11-22', 'ramonahathorn@outlook.com', '(899) 980-4683'); 
INSERT INTO TRAVELERS VALUES (44, 'Connie', 'Hall', '1988-04-07', 'conniehall@gmail.com', '(376) 897-6059'); 
INSERT INTO TRAVELERS VALUES (45, 'Scott', 'Zorra', '1981-11-03', 'scottzorra@outlook.com', '(351) 110-0311'); 
INSERT INTO TRAVELERS VALUES (46, 'Raymond', 'Vallery', '1965-02-06', 'raymondvallery@outlook.com', '(827) 880-0638'); 
INSERT INTO TRAVELERS VALUES (47, 'Rachel', 'Kissane', '1977-02-26', 'rachelkissane@yahoo.com', '(667) 034-6099'); 
INSERT INTO TRAVELERS VALUES (48, 'Julie', 'Williams', '1975-01-05', 'juliewilliams@yahoo.com', '(827) 701-8412'); 
INSERT INTO TRAVELERS VALUES (49, 'Sharon', 'Grimes', '1988-05-09', 'sharongrimes@yahoo.com', '(930) 689-5101'); 
INSERT INTO TRAVELERS VALUES (50, 'Albert', 'Boros', '1973-06-26', 'albertboros@gmail.com', '(379) 476-5726'); 
INSERT INTO TRAVELERS VALUES (51, 'Kevin', 'Cannon', '1973-08-07', 'kevincannon@outlook.com', '(297) 762-9788'); 
INSERT INTO TRAVELERS VALUES (52, 'Bobby', 'Hill', '1971-11-05', 'bobbyhill@gmail.com', '(318) 129-3536'); 
INSERT INTO TRAVELERS VALUES (53, 'Robert', 'Goodsite', '1970-02-01', 'robertgoodsite@gmail.com', '(285) 626-5318'); 
INSERT INTO TRAVELERS VALUES (54, 'Gladys', 'Nathanson', '1976-04-08', 'gladysnathanson@outlook.com', '(519) 025-5412'); 
INSERT INTO TRAVELERS VALUES (55, 'John', 'Jones', '1988-07-18', 'johnjones@outlook.com', '(910) 994-2192'); 
INSERT INTO TRAVELERS VALUES (56, 'Geraldine', 'Clifton', '1966-04-14', 'geraldineclifton@yahoo.com', '(206) 792-9694'); 
INSERT INTO TRAVELERS VALUES (57, 'Camille', 'Knott', '1992-06-23', 'camilleknott@outlook.com', '(757) 954-9824'); 
INSERT INTO TRAVELERS VALUES (58, 'Francis', 'Parker', '1985-01-19', 'francisparker@outlook.com', '(279) 631-6977'); 
INSERT INTO TRAVELERS VALUES (59, 'Gary', 'Davis', '1967-06-21', 'garydavis@hotmail.com', '(504) 437-1513'); 
INSERT INTO TRAVELERS VALUES (60, 'Daniel', 'Claypoole', '1976-03-26', 'danielclaypoole@hotmail.com', '(361) 440-4350'); 
INSERT INTO TRAVELERS VALUES (61, 'Lee', 'Foret', '1976-11-28', 'leeforet@hotmail.com', '(685) 823-6816'); 
INSERT INTO TRAVELERS VALUES (62, 'Julie', 'Cason', '1994-01-08', 'juliecason@outlook.com', '(522) 487-0325'); 
INSERT INTO TRAVELERS VALUES (63, 'Forrest', 'Mcguffey', '1965-05-16', 'forrestmcguffey@gmail.com', '(705) 636-6771'); 
INSERT INTO TRAVELERS VALUES (64, 'Patricia', 'Smith', '1967-07-17', 'patriciasmith@gmail.com', '(570) 675-5340'); 
INSERT INTO TRAVELERS VALUES (65, 'Mary', 'Ly', '1991-07-08', 'maryly@yahoo.com', '(317) 526-1387'); 
INSERT INTO TRAVELERS VALUES (66, 'Kyle', 'Nichols', '1965-08-10', 'kylenichols@yahoo.com', '(257) 078-7143'); 
INSERT INTO TRAVELERS VALUES (67, 'Pablo', 'Cherry', '1980-12-28', 'pablocherry@outlook.com', '(376) 592-0918'); 
INSERT INTO TRAVELERS VALUES (68, 'Charles', 'Ezzo', '1980-05-27', 'charlesezzo@outlook.com', '(731) 588-9030'); 
INSERT INTO TRAVELERS VALUES (69, 'Lillian', 'Gould', '1972-02-20', 'lilliangould@hotmail.com', '(648) 616-3275'); 
INSERT INTO TRAVELERS VALUES (70, 'Michael', 'Deem', '1969-11-11', 'michaeldeem@outlook.com', '(896) 920-2003'); 
INSERT INTO TRAVELERS VALUES (71, 'Margaret', 'Horton', '1976-10-12', 'margarethorton@gmail.com', '(676) 929-3501'); 
INSERT INTO TRAVELERS VALUES (72, 'Alfred', 'Carstens', '1996-04-02', 'alfredcarstens@outlook.com', '(776) 775-2560'); 
INSERT INTO TRAVELERS VALUES (73, 'Teresa', 'Pipkin', '1980-07-17', 'teresapipkin@outlook.com', '(930) 438-1347'); 
INSERT INTO TRAVELERS VALUES (74, 'Clara', 'Olsen', '1969-12-06', 'claraolsen@outlook.com', '(746) 651-9655'); 
INSERT INTO TRAVELERS VALUES (75, 'Shawn', 'Murrow', '1971-07-12', 'shawnmurrow@gmail.com', '(709) 396-4262'); 
INSERT INTO TRAVELERS VALUES (76, 'Lorena', 'Barden', '1986-03-10', 'lorenabarden@yahoo.com', '(579) 034-6281'); 
INSERT INTO TRAVELERS VALUES (77, 'Nancy', 'Martinez', '1995-01-08', 'nancymartinez@outlook.com', '(462) 203-4949'); 
INSERT INTO TRAVELERS VALUES (78, 'David', 'Mayeux', '1982-09-23', 'davidmayeux@yahoo.com', '(840) 158-4784'); 
INSERT INTO TRAVELERS VALUES (79, 'Fallon', 'Bradley', '1977-03-03', 'fallonbradley@outlook.com', '(234) 785-2751'); 
INSERT INTO TRAVELERS VALUES (80, 'Lisa', 'Allen', '1978-09-22', 'lisaallen@yahoo.com', '(303) 799-8989'); 
INSERT INTO TRAVELERS VALUES (81, 'Julia', 'Woolley', '1980-01-06', 'juliawoolley@gmail.com', '(883) 178-5514'); 
INSERT INTO TRAVELERS VALUES (82, 'Charlotte', 'Rodriquez', '1972-06-01', 'charlotterodriquez@outlook.com', '(740) 838-4233'); 
INSERT INTO TRAVELERS VALUES (83, 'Alejandro', 'Banuelos', '1983-03-19', 'alejandrobanuelos@hotmail.com', '(844) 345-1213'); 
INSERT INTO TRAVELERS VALUES (84, 'Rosa', 'Burpee', '1988-05-28', 'rosaburpee@hotmail.com', '(225) 728-7305'); 
INSERT INTO TRAVELERS VALUES (85, 'Miguel', 'Marquez', '1984-12-27', 'miguelmarquez@outlook.com', '(850) 012-7784'); 
INSERT INTO TRAVELERS VALUES (86, 'Brian', 'Sharpe', '1971-01-15', 'briansharpe@gmail.com', '(547) 768-1337'); 
INSERT INTO TRAVELERS VALUES (87, 'Miriam', 'Jenkins', '1986-11-19', 'miriamjenkins@yahoo.com', '(392) 031-2562'); 
INSERT INTO TRAVELERS VALUES (88, 'Michael', 'Penn', '1966-02-22', 'michaelpenn@gmail.com', '(975) 376-9717'); 
INSERT INTO TRAVELERS VALUES (89, 'Mark', 'Walden', '1968-08-08', 'markwalden@gmail.com', '(349) 301-5104'); 
INSERT INTO TRAVELERS VALUES (90, 'Kris', 'Parsons', '1993-01-02', 'krisparsons@yahoo.com', '(880) 156-7093'); 
INSERT INTO TRAVELERS VALUES (91, 'Amanda', 'Kennedy', '1992-07-05', 'amandakennedy@hotmail.com', '(546) 732-5163'); 
INSERT INTO TRAVELERS VALUES (92, 'Michael', 'Hart', '1982-06-09', 'michaelhart@gmail.com', '(462) 247-9067'); 
INSERT INTO TRAVELERS VALUES (93, 'Michael', 'Harris', '1978-06-09', 'michaelharris@yahoo.com', '(662) 519-6294'); 
INSERT INTO TRAVELERS VALUES (94, 'Sergio', 'Cano', '1992-10-10', 'sergiocano@hotmail.com', '(530) 859-2519'); 
INSERT INTO TRAVELERS VALUES (95, 'Steven', 'Graza', '1987-09-21', 'stevengraza@yahoo.com', '(207) 123-0241'); 
INSERT INTO TRAVELERS VALUES (96, 'Curtis', 'Fritz', '1991-01-13', 'curtisfritz@outlook.com', '(905) 924-9745'); 
INSERT INTO TRAVELERS VALUES (97, 'Mark', 'Hill', '1996-11-21', 'markhill@outlook.com', '(939) 327-0132'); 
INSERT INTO TRAVELERS VALUES (98, 'Kelli', 'Pedregon', '1968-12-06', 'kellipedregon@gmail.com', '(809) 325-4820'); 
INSERT INTO TRAVELERS VALUES (99, 'Brandy', 'Vogel', '1978-01-02', 'brandyvogel@outlook.com', '(976) 145-4011'); 
INSERT INTO TRAVELERS VALUES (100, 'Rafael', 'Barnes', '1981-05-25', 'rafaelbarnes@hotmail.com', '(984) 311-7405'); 
INSERT INTO TRAVELERS VALUES (101, 'Stephany', 'Todd', '1976-04-03', 'stephanytodd@hotmail.com', '(423) 677-1634'); 
INSERT INTO TRAVELERS VALUES (102, 'Jimmy', 'Joe', '1980-11-18', 'jimmyjoe@gmail.com', '(909) 209-0631'); 
INSERT INTO TRAVELERS VALUES (103, 'Audrey', 'Bolton', '1979-01-21', 'audreybolton@gmail.com', '(756) 389-0889'); 
INSERT INTO TRAVELERS VALUES (104, 'Robert', 'Ellis', '1982-07-14', 'robertellis@outlook.com', '(714) 230-0404'); 
INSERT INTO TRAVELERS VALUES (105, 'Christopher', 'Mcgee', '1976-12-22', 'christophermcgee@gmail.com', '(851) 238-2485'); 
INSERT INTO TRAVELERS VALUES (106, 'Tamara', 'Papay', '1970-01-06', 'tamarapapay@gmail.com', '(925) 213-6722'); 
INSERT INTO TRAVELERS VALUES (107, 'Mary', 'Durkee', '1985-02-07', 'marydurkee@hotmail.com', '(950) 718-5568'); 
INSERT INTO TRAVELERS VALUES (108, 'Brett', 'Hoefler', '1967-01-12', 'bretthoefler@yahoo.com', '(709) 533-2469'); 
INSERT INTO TRAVELERS VALUES (109, 'Carla', 'Jackson', '1973-07-21', 'carlajackson@gmail.com', '(502) 324-9964'); 
INSERT INTO TRAVELERS VALUES (110, 'Roger', 'Stanford', '1987-05-26', 'rogerstanford@gmail.com', '(498) 394-7212'); 
INSERT INTO TRAVELERS VALUES (111, 'James', 'Miranda', '1969-04-14', 'jamesmiranda@yahoo.com', '(220) 332-4546'); 
INSERT INTO TRAVELERS VALUES (112, 'Dana', 'Norris', '1972-07-27', 'dananorris@outlook.com', '(802) 266-0623'); 
INSERT INTO TRAVELERS VALUES (113, 'James', 'Collins', '1970-05-01', 'jamescollins@hotmail.com', '(814) 473-8160'); 
INSERT INTO TRAVELERS VALUES (114, 'Michael', 'Janson', '1965-01-12', 'michaeljanson@gmail.com', '(952) 568-3806'); 
INSERT INTO TRAVELERS VALUES (115, 'Denise', 'Hopper', '1991-02-11', 'denisehopper@yahoo.com', '(841) 944-7553'); 
INSERT INTO TRAVELERS VALUES (116, 'Brad', 'Chavez', '1979-03-01', 'bradchavez@gmail.com', '(816) 927-7257'); 
INSERT INTO TRAVELERS VALUES (117, 'Joan', 'Minors', '1966-10-17', 'joanminors@gmail.com', '(582) 625-6615'); 
INSERT INTO TRAVELERS VALUES (118, 'Alexander', 'Brown', '1969-05-12', 'alexanderbrown@outlook.com', '(547) 037-3694'); 
INSERT INTO TRAVELERS VALUES (119, 'Vivian', 'Molloy', '1991-01-27', 'vivianmolloy@hotmail.com', '(564) 847-1323'); 
INSERT INTO TRAVELERS VALUES (120, 'Miriam', 'Welton', '1983-06-08', 'miriamwelton@hotmail.com', '(385) 002-7079'); 
INSERT INTO TRAVELERS VALUES (121, 'David', 'Adams', '1973-10-11', 'davidadams@outlook.com', '(591) 244-3598'); 
INSERT INTO TRAVELERS VALUES (122, 'Pedro', 'Nelsen', '1968-04-05', 'pedronelsen@hotmail.com', '(809) 257-5958'); 
INSERT INTO TRAVELERS VALUES (123, 'David', 'Morris', '1994-01-08', 'davidmorris@hotmail.com', '(650) 944-3339'); 
INSERT INTO TRAVELERS VALUES (124, 'Richard', 'Smith', '1991-10-25', 'richardsmith@gmail.com', '(771) 286-7260'); 
INSERT INTO TRAVELERS VALUES (125, 'William', 'Lindsey', '1979-12-14', 'williamlindsey@yahoo.com', '(539) 248-6823'); 
INSERT INTO TRAVELERS VALUES (126, 'Jose', 'Newman', '1969-08-28', 'josenewman@gmail.com', '(241) 327-8792'); 
INSERT INTO TRAVELERS VALUES (127, 'Micheal', 'Boudreaux', '1991-05-13', 'michealboudreaux@hotmail.com', '(630) 766-9390'); 
INSERT INTO TRAVELERS VALUES (128, 'Chris', 'Cobb', '1979-11-08', 'chriscobb@yahoo.com', '(906) 194-1015'); 
INSERT INTO TRAVELERS VALUES (129, 'Dorothy', 'Ortega', '1986-08-16', 'dorothyortega@gmail.com', '(677) 515-5803'); 
INSERT INTO TRAVELERS VALUES (130, 'William', 'Cser', '1976-06-06', 'williamcser@gmail.com', '(765) 208-8830'); 
INSERT INTO TRAVELERS VALUES (131, 'Kristy', 'Willis', '1991-01-22', 'kristywillis@outlook.com', '(221) 013-4442'); 
INSERT INTO TRAVELERS VALUES (132, 'Valerie', 'Martell', '1988-08-13', 'valeriemartell@hotmail.com', '(897) 732-4723'); 
INSERT INTO TRAVELERS VALUES (133, 'Jane', 'Williams', '1994-12-22', 'janewilliams@yahoo.com', '(456) 132-8567'); 
INSERT INTO TRAVELERS VALUES (134, 'Victor', 'Moyer', '1965-06-16', 'victormoyer@yahoo.com', '(452) 017-4233'); 
INSERT INTO TRAVELERS VALUES (135, 'Santiago', 'Zimmerman', '1967-08-06', 'santiagozimmerman@gmail.com', '(558) 290-6907'); 
INSERT INTO TRAVELERS VALUES (136, 'Sylvia', 'Kesler', '1995-05-25', 'sylviakesler@outlook.com', '(853) 578-4282'); 
INSERT INTO TRAVELERS VALUES (137, 'Jose', 'Souther', '1982-07-21', 'josesouther@hotmail.com', '(381) 374-4327'); 
INSERT INTO TRAVELERS VALUES (138, 'Lynda', 'Boles', '1978-07-17', 'lyndaboles@yahoo.com', '(920) 172-4327'); 
INSERT INTO TRAVELERS VALUES (139, 'Kenneth', 'Coleman', '1984-07-08', 'kennethcoleman@outlook.com', '(653) 528-1355'); 
INSERT INTO TRAVELERS VALUES (140, 'Mary', 'Hulse', '1966-02-17', 'maryhulse@gmail.com', '(941) 879-1347'); 
INSERT INTO TRAVELERS VALUES (141, 'Gerald', 'Mccue', '1970-01-20', 'geraldmccue@gmail.com', '(928) 228-1340'); 
INSERT INTO TRAVELERS VALUES (142, 'Lydia', 'Smith', '1995-11-12', 'lydiasmith@outlook.com', '(589) 996-9311'); 
INSERT INTO TRAVELERS VALUES (143, 'James', 'Browning', '1971-03-13', 'jamesbrowning@outlook.com', '(801) 663-9444'); 
INSERT INTO TRAVELERS VALUES (144, 'John', 'Hicks', '1984-12-18', 'johnhicks@yahoo.com', '(686) 269-2698'); 
INSERT INTO TRAVELERS VALUES (145, 'Rick', 'Klatt', '1979-03-23', 'rickklatt@hotmail.com', '(555) 995-1274'); 
INSERT INTO TRAVELERS VALUES (146, 'Ethel', 'Clifford', '1996-04-22', 'ethelclifford@gmail.com', '(503) 431-1963'); 
INSERT INTO TRAVELERS VALUES (147, 'Judy', 'Degan', '1984-10-08', 'judydegan@hotmail.com', '(592) 472-7346'); 
INSERT INTO TRAVELERS VALUES (148, 'Tameka', 'Monroe', '1967-06-05', 'tamekamonroe@yahoo.com', '(241) 457-5408'); 
INSERT INTO TRAVELERS VALUES (149, 'Donald', 'Brown', '1969-03-06', 'donaldbrown@hotmail.com', '(765) 186-3084'); 
INSERT INTO TRAVELERS VALUES (150, 'Ashley', 'Cook', '1981-01-19', 'ashleycook@outlook.com', '(784) 193-2672'); 
INSERT INTO TRAVELERS VALUES (151, 'Gary', 'Williams', '1983-07-14', 'garywilliams@hotmail.com', '(877) 754-3176'); 
INSERT INTO TRAVELERS VALUES (152, 'Adam', 'Oeltjen', '1987-12-11', 'adamoeltjen@hotmail.com', '(984) 679-9944'); 
INSERT INTO TRAVELERS VALUES (153, 'Charlie', 'Hirota', '1993-11-13', 'charliehirota@yahoo.com', '(628) 935-9071'); 
INSERT INTO TRAVELERS VALUES (154, 'Ronald', 'Watson', '1988-06-14', 'ronaldwatson@yahoo.com', '(640) 211-9326'); 
INSERT INTO TRAVELERS VALUES (155, 'Aletha', 'Prieto', '1991-03-20', 'alethaprieto@yahoo.com', '(313) 689-6855'); 
INSERT INTO TRAVELERS VALUES (156, 'Joshua', 'Pope', '1987-02-22', 'joshuapope@gmail.com', '(357) 764-8731'); 
INSERT INTO TRAVELERS VALUES (157, 'Sarah', 'Velasco', '1980-04-13', 'sarahvelasco@outlook.com', '(904) 476-2905'); 
INSERT INTO TRAVELERS VALUES (158, 'Lori', 'Cichowski', '1972-05-06', 'loricichowski@outlook.com', '(372) 429-0766'); 
INSERT INTO TRAVELERS VALUES (159, 'Charles', 'Cypret', '1988-01-08', 'charlescypret@hotmail.com', '(801) 127-3546'); 
INSERT INTO TRAVELERS VALUES (160, 'Zenobia', 'Swigart', '1984-12-22', 'zenobiaswigart@yahoo.com', '(793) 909-3612'); 
INSERT INTO TRAVELERS VALUES (161, 'Novella', 'Galicia', '1987-12-13', 'novellagalicia@gmail.com', '(207) 674-2166'); 
INSERT INTO TRAVELERS VALUES (162, 'Alice', 'Arrott', '1988-06-28', 'alicearrott@hotmail.com', '(679) 400-8266'); 
INSERT INTO TRAVELERS VALUES (163, 'Kenneth', 'Quintanar', '1990-03-23', 'kennethquintanar@hotmail.com', '(638) 211-5862'); 
INSERT INTO TRAVELERS VALUES (164, 'Wesley', 'Beek', '1986-10-16', 'wesleybeek@hotmail.com', '(934) 335-5360'); 
INSERT INTO TRAVELERS VALUES (165, 'Michaela', 'Smith', '1989-03-12', 'michaelasmith@gmail.com', '(220) 545-4296'); 
INSERT INTO TRAVELERS VALUES (166, 'Joseph', 'Sloss', '1991-08-27', 'josephsloss@outlook.com', '(767) 833-6220'); 
INSERT INTO TRAVELERS VALUES (167, 'George', 'Miraflores', '1977-11-26', 'georgemiraflores@yahoo.com', '(571) 512-9830'); 
INSERT INTO TRAVELERS VALUES (168, 'Roger', 'Anderson', '1985-12-27', 'rogeranderson@outlook.com', '(591) 709-1232'); 
INSERT INTO TRAVELERS VALUES (169, 'Beth', 'Gerth', '1966-04-21', 'bethgerth@outlook.com', '(837) 979-0067'); 
INSERT INTO TRAVELERS VALUES (170, 'Melissa', 'Quinones', '1971-02-05', 'melissaquinones@yahoo.com', '(279) 370-4862'); 
INSERT INTO TRAVELERS VALUES (171, 'Jack', 'Green', '1989-08-20', 'jackgreen@yahoo.com', '(529) 134-3871'); 
INSERT INTO TRAVELERS VALUES (172, 'Sandy', 'Callison', '1989-03-01', 'sandycallison@gmail.com', '(760) 017-4799'); 
INSERT INTO TRAVELERS VALUES (173, 'Bruce', 'Bachmann', '1985-04-12', 'brucebachmann@hotmail.com', '(602) 783-1909'); 
INSERT INTO TRAVELERS VALUES (174, 'Charlotte', 'Anderson', '1976-10-25', 'charlotteanderson@gmail.com', '(639) 897-9021'); 
INSERT INTO TRAVELERS VALUES (175, 'Mary', 'Littrell', '1992-10-20', 'marylittrell@outlook.com', '(238) 828-9289'); 
INSERT INTO TRAVELERS VALUES (176, 'Megan', 'Mckinney', '1986-01-04', 'meganmckinney@hotmail.com', '(434) 889-1140'); 
INSERT INTO TRAVELERS VALUES (177, 'Christopher', 'Stpierre', '1980-06-28', 'christopherstpierre@hotmail.com', '(483) 493-6804'); 
INSERT INTO TRAVELERS VALUES (178, 'Joseph', 'Mathews', '1991-01-18', 'josephmathews@hotmail.com', '(584) 369-9805'); 
INSERT INTO TRAVELERS VALUES (179, 'Deborah', 'Register', '1980-11-04', 'deborahregister@hotmail.com', '(215) 834-4451'); 
INSERT INTO TRAVELERS VALUES (180, 'John', 'Davis', '1968-10-04', 'johndavis@yahoo.com', '(781) 020-6777'); 
INSERT INTO TRAVELERS VALUES (181, 'Mildred', 'Smith', '1966-12-19', 'mildredsmith@outlook.com', '(575) 972-9485'); 
INSERT INTO TRAVELERS VALUES (182, 'Brittany', 'Volcko', '1971-02-20', 'brittanyvolcko@gmail.com', '(342) 257-7630'); 
INSERT INTO TRAVELERS VALUES (183, 'Juanita', 'Consla', '1983-02-02', 'juanitaconsla@hotmail.com', '(926) 288-1590'); 
INSERT INTO TRAVELERS VALUES (184, 'Warren', 'Miles', '1979-07-01', 'warrenmiles@outlook.com', '(379) 900-7683'); 
INSERT INTO TRAVELERS VALUES (185, 'Cathrine', 'Welch', '1976-04-10', 'cathrinewelch@outlook.com', '(636) 352-0669'); 
INSERT INTO TRAVELERS VALUES (186, 'Michael', 'Fowler', '1991-02-13', 'michaelfowler@gmail.com', '(913) 218-9906'); 
INSERT INTO TRAVELERS VALUES (187, 'Robert', 'Williams', '1986-12-10', 'robertwilliams@outlook.com', '(486) 438-2621'); 
INSERT INTO TRAVELERS VALUES (188, 'Robert', 'Oldham', '1972-03-06', 'robertoldham@outlook.com', '(817) 051-1766'); 
INSERT INTO TRAVELERS VALUES (189, 'Jessie', 'Mccarter', '1981-04-15', 'jessiemccarter@outlook.com', '(628) 473-8183'); 
INSERT INTO TRAVELERS VALUES (190, 'Leora', 'Valencia', '1995-01-06', 'leoravalencia@gmail.com', '(725) 275-3756'); 
INSERT INTO TRAVELERS VALUES (191, 'Aaron', 'Edgerson', '1982-02-08', 'aaronedgerson@gmail.com', '(659) 648-2802'); 
INSERT INTO TRAVELERS VALUES (192, 'Burton', 'Pikula', '1976-07-20', 'burtonpikula@gmail.com', '(795) 946-9135'); 
INSERT INTO TRAVELERS VALUES (193, 'Irma', 'Jung', '1965-07-24', 'irmajung@hotmail.com', '(540) 544-1182'); 
INSERT INTO TRAVELERS VALUES (194, 'Wendell', 'Mortensen', '1978-12-18', 'wendellmortensen@yahoo.com', '(400) 292-7745'); 
INSERT INTO TRAVELERS VALUES (195, 'Gino', 'Teklu', '1971-02-14', 'ginoteklu@outlook.com', '(851) 711-6884'); 
INSERT INTO TRAVELERS VALUES (196, 'Susan', 'Campbell', '1969-11-28', 'susancampbell@outlook.com', '(341) 600-4204'); 
INSERT INTO TRAVELERS VALUES (197, 'Charmaine', 'Lees', '1984-07-11', 'charmainelees@outlook.com', '(832) 203-8912'); 
INSERT INTO TRAVELERS VALUES (198, 'Dorothy', 'Ward', '1968-09-06', 'dorothyward@gmail.com', '(354) 079-1085'); 
INSERT INTO TRAVELERS VALUES (199, 'Jessica', 'Iddings', '1982-12-27', 'jessicaiddings@hotmail.com', '(994) 502-2457'); 
INSERT INTO TRAVELERS VALUES (200, 'Jesse', 'Johnson', '1969-09-14', 'jessejohnson@gmail.com', '(990) 428-1625'); 
INSERT INTO TRAVELERS VALUES (201, 'Ruth', 'Nelson', '1978-12-21', 'ruthnelson@gmail.com', '(524) 151-7260'); 
INSERT INTO TRAVELERS VALUES (202, 'Barbara', 'Medford', '1974-04-21', 'barbaramedford@hotmail.com', '(964) 817-6845'); 
INSERT INTO TRAVELERS VALUES (203, 'Matthew', 'Oneal', '1969-07-14', 'matthewoneal@yahoo.com', '(817) 957-8888'); 
INSERT INTO TRAVELERS VALUES (204, 'John', 'Tornquist', '1979-12-27', 'johntornquist@hotmail.com', '(887) 818-7722'); 
INSERT INTO TRAVELERS VALUES (205, 'Samantha', 'Olson', '1987-03-20', 'samanthaolson@gmail.com', '(549) 679-8247'); 
INSERT INTO TRAVELERS VALUES (206, 'Nora', 'Kelley', '1990-04-17', 'norakelley@gmail.com', '(711) 928-9804'); 
INSERT INTO TRAVELERS VALUES (207, 'Timothy', 'Fitzwater', '1971-05-21', 'timothyfitzwater@hotmail.com', '(260) 591-1547'); 
INSERT INTO TRAVELERS VALUES (208, 'Tammy', 'Beierle', '1972-07-13', 'tammybeierle@hotmail.com', '(889) 031-8456'); 
INSERT INTO TRAVELERS VALUES (209, 'Barbara', 'Thomas', '1991-09-23', 'barbarathomas@yahoo.com', '(743) 087-1703'); 
INSERT INTO TRAVELERS VALUES (210, 'Dorothy', 'Campbell', '1981-05-20', 'dorothycampbell@yahoo.com', '(545) 334-2897'); 
INSERT INTO TRAVELERS VALUES (211, 'Tori', 'Gomez', '1966-05-14', 'torigomez@gmail.com', '(624) 800-3377'); 
INSERT INTO TRAVELERS VALUES (212, 'Shaun', 'Garczynski', '1967-04-13', 'shaungarczynski@outlook.com', '(636) 058-4781'); 
INSERT INTO TRAVELERS VALUES (213, 'Shani', 'Pierce', '1977-05-18', 'shanipierce@gmail.com', '(633) 986-8550'); 
INSERT INTO TRAVELERS VALUES (214, 'Jamie', 'Alston', '1993-04-28', 'jamiealston@gmail.com', '(211) 095-2412'); 
INSERT INTO TRAVELERS VALUES (215, 'Jane', 'Baxter', '1995-01-01', 'janebaxter@outlook.com', '(733) 564-1169'); 
INSERT INTO TRAVELERS VALUES (216, 'James', 'James', '1982-03-25', 'jamesjames@yahoo.com', '(942) 257-4430'); 
INSERT INTO TRAVELERS VALUES (217, 'Robert', 'Shepard', '1969-07-18', 'robertshepard@outlook.com', '(620) 276-1959'); 
INSERT INTO TRAVELERS VALUES (218, 'Velma', 'Farrey', '1994-10-26', 'velmafarrey@yahoo.com', '(595) 056-7683'); 
INSERT INTO TRAVELERS VALUES (219, 'Oscar', 'Keitel', '1981-04-02', 'oscarkeitel@outlook.com', '(282) 682-0202'); 
INSERT INTO TRAVELERS VALUES (220, 'Elizabeth', 'Davis', '1990-07-26', 'elizabethdavis@outlook.com', '(835) 002-5132'); 
INSERT INTO TRAVELERS VALUES (221, 'Allen', 'Peterson', '1966-12-20', 'allenpeterson@gmail.com', '(723) 010-9921'); 
INSERT INTO TRAVELERS VALUES (222, 'Michael', 'Arvan', '1989-01-26', 'michaelarvan@hotmail.com', '(673) 960-4705'); 
INSERT INTO TRAVELERS VALUES (223, 'Jill', 'Perez', '1982-04-24', 'jillperez@outlook.com', '(890) 710-8571'); 
INSERT INTO TRAVELERS VALUES (224, 'Leola', 'Pritchett', '1971-02-06', 'leolapritchett@gmail.com', '(910) 044-9210'); 
INSERT INTO TRAVELERS VALUES (225, 'Leslie', 'Dragich', '1985-06-16', 'lesliedragich@gmail.com', '(647) 606-8381'); 
INSERT INTO TRAVELERS VALUES (226, 'Mildred', 'Aiello', '1969-07-20', 'mildredaiello@gmail.com', '(458) 133-4306'); 
INSERT INTO TRAVELERS VALUES (227, 'Donna', 'Decker', '1995-01-09', 'donnadecker@yahoo.com', '(769) 020-4128'); 
INSERT INTO TRAVELERS VALUES (228, 'Allen', 'Bennett', '1995-09-23', 'allenbennett@hotmail.com', '(485) 227-2737'); 
INSERT INTO TRAVELERS VALUES (229, 'Sabrina', 'Vale', '1969-08-20', 'sabrinavale@yahoo.com', '(862) 702-3345'); 
INSERT INTO TRAVELERS VALUES (230, 'Daniel', 'Clemence', '1965-03-22', 'danielclemence@gmail.com', '(569) 847-7447'); 
INSERT INTO TRAVELERS VALUES (231, 'Jules', 'Thompson', '1979-10-22', 'julesthompson@gmail.com', '(422) 431-8926'); 
INSERT INTO TRAVELERS VALUES (232, 'Vera', 'Blake', '1978-12-14', 'verablake@hotmail.com', '(235) 750-5734'); 
INSERT INTO TRAVELERS VALUES (233, 'Hubert', 'Hilyer', '1986-07-05', 'huberthilyer@hotmail.com', '(271) 618-6191'); 
INSERT INTO TRAVELERS VALUES (234, 'Monty', 'Pate', '1987-05-05', 'montypate@gmail.com', '(932) 517-5805'); 
INSERT INTO TRAVELERS VALUES (235, 'Micheal', 'Rieth', '1981-08-07', 'michealrieth@gmail.com', '(360) 976-4283'); 
INSERT INTO TRAVELERS VALUES (236, 'Harry', 'Kraft', '1994-10-26', 'harrykraft@hotmail.com', '(667) 751-0303'); 
INSERT INTO TRAVELERS VALUES (237, 'Dorothy', 'Rutledge', '1984-06-09', 'dorothyrutledge@outlook.com', '(320) 350-3766'); 
INSERT INTO TRAVELERS VALUES (238, 'Ellen', 'Pope', '1995-04-03', 'ellenpope@gmail.com', '(667) 776-5713'); 
INSERT INTO TRAVELERS VALUES (239, 'Alice', 'Cantu', '1982-11-02', 'alicecantu@gmail.com', '(868) 813-7821'); 
INSERT INTO TRAVELERS VALUES (240, 'Peter', 'Kerr', '1979-02-07', 'peterkerr@gmail.com', '(506) 429-7958'); 
INSERT INTO TRAVELERS VALUES (241, 'Debra', 'Smith', '1979-10-16', 'debrasmith@hotmail.com', '(667) 180-4090'); 
INSERT INTO TRAVELERS VALUES (242, 'Mark', 'Medcalf', '1977-12-16', 'markmedcalf@gmail.com', '(508) 492-7806'); 
INSERT INTO TRAVELERS VALUES (243, 'Manuela', 'Dallis', '1970-10-28', 'manueladallis@hotmail.com', '(859) 648-4267'); 
INSERT INTO TRAVELERS VALUES (244, 'Melissa', 'Pollack', '1976-08-02', 'melissapollack@hotmail.com', '(654) 454-6155'); 
INSERT INTO TRAVELERS VALUES (245, 'Lee', 'Mccarty', '1979-02-09', 'leemccarty@outlook.com', '(810) 900-8451'); 
INSERT INTO TRAVELERS VALUES (246, 'Zachary', 'Mcdonnell', '1977-07-13', 'zacharymcdonnell@gmail.com', '(719) 270-6725'); 
INSERT INTO TRAVELERS VALUES (247, 'Leslie', 'Blach', '1974-02-11', 'leslieblach@gmail.com', '(962) 299-0303'); 
INSERT INTO TRAVELERS VALUES (248, 'Debra', 'Humpherys', '1987-01-15', 'debrahumpherys@gmail.com', '(678) 104-7859'); 
INSERT INTO TRAVELERS VALUES (249, 'Antonio', 'Tucker', '1994-05-05', 'antoniotucker@hotmail.com', '(257) 131-0327'); 

INSERT INTO FLIGHT_INFO VALUES (0, 'DAL', 'DFW', 'ATL', '18:24', '20:56', 'Same Day', 'A22', 28); 
INSERT INTO FLIGHT_INFO VALUES (1, 'SWA', 'SAN', 'ATL', '11:55', '13:05', 'Same Day', 'G18', 128); 
INSERT INTO FLIGHT_INFO VALUES (2, 'SWA', 'SAT', 'ATL', '01:38', '03:42', 'Same Day', 'G24', 237); 
INSERT INTO FLIGHT_INFO VALUES (3, 'AAY', 'MCI', 'JFK', '06:37', '07:16', 'Same Day', 'G8', 168); 
INSERT INTO FLIGHT_INFO VALUES (4, 'AAY', 'MCI', 'DAL', '00:23', '02:14', 'Same Day', '48', 133); 
INSERT INTO FLIGHT_INFO VALUES (5, 'DAL', 'PHL', 'STL', '10:56', '12:37', 'Same Day', 'B39', 75); 
INSERT INTO FLIGHT_INFO VALUES (6, 'SWA', 'IAH', 'BWI', '17:40', '18:42', 'Same Day', 'F27', 106); 
INSERT INTO FLIGHT_INFO VALUES (7, 'ASA', 'MKE', 'ANC', '04:19', '05:01', 'Same Day', 'E35', 168); 
INSERT INTO FLIGHT_INFO VALUES (8, 'AAL', 'EWR', 'IAH', '10:57', '13:41', 'Same Day', 'E2', 24); 
INSERT INTO FLIGHT_INFO VALUES (9, 'AAL', 'BNA', 'DTW', '01:38', '02:29', 'Same Day', 'E26', 32); 
INSERT INTO FLIGHT_INFO VALUES (10, 'AAY', 'MCO', 'IAD', '21:47', '00:52', 'Next Day', 'B12', 187); 
INSERT INTO FLIGHT_INFO VALUES (11, 'AAY', 'AUS', 'PHX', '01:56', '03:16', 'Same Day', 'D6', 19); 
INSERT INTO FLIGHT_INFO VALUES (12, 'NKS', 'DEN', 'LAX', '16:55', '19:02', 'Same Day', 'A47', 53); 
INSERT INTO FLIGHT_INFO VALUES (13, 'FFT', 'AUS', 'LGA', '09:06', '12:31', 'Same Day', '15', 148); 
INSERT INTO FLIGHT_INFO VALUES (14, 'UAL', 'MSY', 'SLC', '06:15', '07:13', 'Same Day', 'F30', 154); 
INSERT INTO FLIGHT_INFO VALUES (15, 'NKS', 'DTW', 'PHX', '07:00', '10:10', 'Same Day', '9', 235); 
INSERT INTO FLIGHT_INFO VALUES (16, 'NKS', 'MIA', 'ORD', '01:50', '04:01', 'Same Day', 'B29', 2); 
INSERT INTO FLIGHT_INFO VALUES (17, 'FFT', 'MIA', 'PHX', '12:28', '13:35', 'Same Day', 'F27', 229); 
INSERT INTO FLIGHT_INFO VALUES (18, 'SWA', 'STL', 'CLE', '04:53', '07:39', 'Same Day', '49', 59); 
INSERT INTO FLIGHT_INFO VALUES (19, 'SWA', 'SLC', 'SAT', '17:42', '18:37', 'Same Day', 'F17', 95); 
INSERT INTO FLIGHT_INFO VALUES (20, 'AAL', 'MIA', 'EWR', '02:14', '05:32', 'Same Day', 'E39', 185); 
INSERT INTO FLIGHT_INFO VALUES (21, 'AAY', 'MIA', 'LAS', '21:05', '22:05', 'Same Day', 'A13', 191); 
INSERT INTO FLIGHT_INFO VALUES (22, 'AAY', 'PHL', 'BOS', '03:36', '04:22', 'Same Day', 'E26', 211); 
INSERT INTO FLIGHT_INFO VALUES (23, 'DAL', 'AUS', 'DCA', '13:24', '15:08', 'Same Day', 'C2', 100); 
INSERT INTO FLIGHT_INFO VALUES (24, 'DAL', 'STL', 'MSY', '13:37', '14:53', 'Same Day', 'B45', 188); 
INSERT INTO FLIGHT_INFO VALUES (25, 'SWA', 'SAT', 'PHL', '10:17', '12:37', 'Same Day', 'A20', 223); 
INSERT INTO FLIGHT_INFO VALUES (26, 'UAL', 'ORD', 'PHX', '18:00', '19:15', 'Same Day', 'C11', 138); 
INSERT INTO FLIGHT_INFO VALUES (27, 'UAL', 'IAH', 'JFK', '02:01', '04:12', 'Same Day', 'G17', 54); 
INSERT INTO FLIGHT_INFO VALUES (28, 'DAL', 'HNL', 'EWR', '12:17', '15:09', 'Same Day', 'D11', 79); 
INSERT INTO FLIGHT_INFO VALUES (29, 'SWA', 'LAS', 'MCI', '01:39', '04:48', 'Same Day', 'E10', 156); 
INSERT INTO FLIGHT_INFO VALUES (30, 'AAY', 'CLT', 'MSP', '21:14', '23:55', 'Same Day', 'A43', 184); 
INSERT INTO FLIGHT_INFO VALUES (31, 'NKS', 'DTW', 'ATL', '11:25', '14:02', 'Same Day', '36', 107); 
INSERT INTO FLIGHT_INFO VALUES (32, 'AAL', 'JFK', 'DTW', '17:53', '18:46', 'Same Day', 'G7', 79); 
INSERT INTO FLIGHT_INFO VALUES (33, 'NKS', 'IAD', 'SLC', '13:51', '14:18', 'Same Day', 'D1', 215); 
INSERT INTO FLIGHT_INFO VALUES (34, 'AAL', 'DFW', 'DTW', '19:48', '22:55', 'Same Day', 'C17', 196); 
INSERT INTO FLIGHT_INFO VALUES (35, 'SWA', 'PDX', 'JFK', '03:08', '04:30', 'Same Day', 'G27', 14); 
INSERT INTO FLIGHT_INFO VALUES (36, 'NKS', 'HOU', 'IAH', '01:56', '02:40', 'Same Day', 'B25', 6); 
INSERT INTO FLIGHT_INFO VALUES (37, 'DAL', 'PIT', 'LGA', '13:54', '16:56', 'Same Day', 'C8', 72); 
INSERT INTO FLIGHT_INFO VALUES (38, 'UAL', 'JFK', 'MIA', '02:03', '03:22', 'Same Day', 'A32', 189); 
INSERT INTO FLIGHT_INFO VALUES (39, 'JBU', 'IAD', 'IAH', '01:46', '03:52', 'Same Day', 'C49', 97); 
INSERT INTO FLIGHT_INFO VALUES (40, 'FFT', 'PIT', 'BWI', '14:30', '17:55', 'Same Day', 'C30', 237); 
INSERT INTO FLIGHT_INFO VALUES (41, 'AAY', 'PHX', 'IAH', '01:25', '02:37', 'Same Day', '28', 38); 
INSERT INTO FLIGHT_INFO VALUES (42, 'AAY', 'STL', 'IAD', '20:51', '23:08', 'Same Day', 'A5', 62); 
INSERT INTO FLIGHT_INFO VALUES (43, 'AAY', 'SAT', 'MCI', '12:11', '15:45', 'Same Day', 'B23', 183); 
INSERT INTO FLIGHT_INFO VALUES (44, 'SWA', 'MIA', 'SLC', '22:43', '00:05', 'Next Day', '48', 180); 
INSERT INTO FLIGHT_INFO VALUES (45, 'AAL', 'IAD', 'HNL', '00:16', '01:11', 'Same Day', 'F24', 123); 
INSERT INTO FLIGHT_INFO VALUES (46, 'NKS', 'EWR', 'SAN', '10:49', '12:55', 'Same Day', 'C7', 49); 
INSERT INTO FLIGHT_INFO VALUES (47, 'NKS', 'DCA', 'AUS', '03:37', '05:27', 'Same Day', 'A34', 214); 
INSERT INTO FLIGHT_INFO VALUES (48, 'SWA', 'SAT', 'LAX', '04:24', '07:27', 'Same Day', 'D46', 137); 
INSERT INTO FLIGHT_INFO VALUES (49, 'FFT', 'MSY', 'PHL', '10:33', '13:31', 'Same Day', '1', 4); 
INSERT INTO FLIGHT_INFO VALUES (50, 'UAL', 'ORD', 'SAT', '13:35', '14:40', 'Same Day', 'D23', 2); 
INSERT INTO FLIGHT_INFO VALUES (51, 'UAL', 'IAD', 'ATL', '13:15', '15:39', 'Same Day', 'F44', 16); 
INSERT INTO FLIGHT_INFO VALUES (52, 'AAY', 'BNA', 'MIA', '20:52', '23:18', 'Same Day', 'A40', 121); 
INSERT INTO FLIGHT_INFO VALUES (53, 'ASA', 'PHL', 'ANC', '10:23', '12:04', 'Same Day', 'E4', 101); 
INSERT INTO FLIGHT_INFO VALUES (54, 'UAL', 'MKE', 'BWI', '08:19', '11:56', 'Same Day', 'D1', 98); 
INSERT INTO FLIGHT_INFO VALUES (55, 'SWA', 'MCI', 'SAN', '09:26', '10:43', 'Same Day', 'F42', 203); 
INSERT INTO FLIGHT_INFO VALUES (56, 'AAY', 'BWI', 'SEA', '13:14', '15:40', 'Same Day', 'E25', 51); 
INSERT INTO FLIGHT_INFO VALUES (57, 'AAL', 'PDX', 'LAX', '02:32', '05:27', 'Same Day', 'C41', 46); 
INSERT INTO FLIGHT_INFO VALUES (58, 'NKS', 'DEN', 'BNA', '10:24', '12:07', 'Same Day', 'F42', 5); 
INSERT INTO FLIGHT_INFO VALUES (59, 'UAL', 'DEN', 'MIA', '02:49', '04:28', 'Same Day', 'F1', 137); 
INSERT INTO FLIGHT_INFO VALUES (60, 'NKS', 'STL', 'MCO', '05:31', '08:38', 'Same Day', '8', 180); 
INSERT INTO FLIGHT_INFO VALUES (61, 'FFT', 'SLC', 'LAS', '00:51', '02:50', 'Same Day', 'C34', 199); 
INSERT INTO FLIGHT_INFO VALUES (62, 'DAL', 'ORD', 'MCO', '08:52', '10:45', 'Same Day', 'B32', 29); 
INSERT INTO FLIGHT_INFO VALUES (63, 'AAY', 'MCI', 'DTW', '07:38', '10:39', 'Same Day', 'F40', 154); 
INSERT INTO FLIGHT_INFO VALUES (64, 'JBU', 'CLE', 'HOU', '05:13', '07:40', 'Same Day', 'E40', 183); 
INSERT INTO FLIGHT_INFO VALUES (65, 'SWA', 'LAS', 'SAN', '12:58', '15:10', 'Same Day', 'F36', 143); 
INSERT INTO FLIGHT_INFO VALUES (66, 'JBU', 'EWR', 'MKE', '10:45', '11:24', 'Same Day', 'E46', 86); 
INSERT INTO FLIGHT_INFO VALUES (67, 'SWA', 'LAX', 'BNA', '18:48', '20:43', 'Same Day', 'B28', 130); 
INSERT INTO FLIGHT_INFO VALUES (68, 'NKS', 'BNA', 'JFK', '18:18', '20:43', 'Same Day', '14', 50); 
INSERT INTO FLIGHT_INFO VALUES (69, 'AAY', 'BOS', 'MKE', '04:33', '07:28', 'Same Day', 'F24', 80); 
INSERT INTO FLIGHT_INFO VALUES (70, 'DAL', 'IAH', 'MDW', '13:28', '16:33', 'Same Day', 'D27', 189); 
INSERT INTO FLIGHT_INFO VALUES (71, 'JBU', 'ATL', 'MSY', '06:36', '08:21', 'Same Day', 'D8', 210); 
INSERT INTO FLIGHT_INFO VALUES (72, 'SWA', 'CLE', 'IAH', '11:39', '14:11', 'Same Day', 'B21', 36); 
INSERT INTO FLIGHT_INFO VALUES (73, 'NKS', 'DTW', 'MSY', '14:18', '17:37', 'Same Day', 'G16', 186); 
INSERT INTO FLIGHT_INFO VALUES (74, 'DAL', 'MIA', 'MCI', '14:43', '17:01', 'Same Day', 'B38', 200); 
INSERT INTO FLIGHT_INFO VALUES (75, 'SWA', 'MSY', 'PHX', '12:57', '15:42', 'Same Day', 'D26', 142); 
INSERT INTO FLIGHT_INFO VALUES (76, 'AAY', 'DCA', 'BOS', '08:41', '09:35', 'Same Day', '35', 167); 
INSERT INTO FLIGHT_INFO VALUES (77, 'UAL', 'CLT', 'DAL', '01:54', '02:50', 'Same Day', 'E14', 87); 
INSERT INTO FLIGHT_INFO VALUES (78, 'AAL', 'AUS', 'PHL', '09:37', '11:09', 'Same Day', 'C39', 229); 
INSERT INTO FLIGHT_INFO VALUES (79, 'DAL', 'DCA', 'EWR', '19:47', '20:41', 'Same Day', 'F45', 161); 
INSERT INTO FLIGHT_INFO VALUES (80, 'AAY', 'HNL', 'DFW', '19:36', '22:03', 'Same Day', 'B32', 117); 
INSERT INTO FLIGHT_INFO VALUES (81, 'DAL', 'DFW', 'MDW', '13:23', '16:13', 'Same Day', 'D6', 169); 
INSERT INTO FLIGHT_INFO VALUES (82, 'FFT', 'MSY', 'IAD', '20:14', '22:47', 'Same Day', 'C27', 216); 
INSERT INTO FLIGHT_INFO VALUES (83, 'NKS', 'BWI', 'ATL', '15:41', '18:00', 'Same Day', 'E9', 131); 
INSERT INTO FLIGHT_INFO VALUES (84, 'UAL', 'HNL', 'SAT', '13:17', '14:35', 'Same Day', 'G26', 246); 
INSERT INTO FLIGHT_INFO VALUES (85, 'UAL', 'SAT', 'MCI', '16:51', '17:04', 'Same Day', 'E44', 214); 
INSERT INTO FLIGHT_INFO VALUES (86, 'AAL', 'PDX', 'IAH', '03:08', '06:23', 'Same Day', '22', 233); 
INSERT INTO FLIGHT_INFO VALUES (87, 'UAL', 'MIA', 'ATL', '12:26', '15:24', 'Same Day', '32', 176); 
INSERT INTO FLIGHT_INFO VALUES (88, 'ASA', 'BNA', 'ANC', '03:04', '05:41', 'Same Day', 'D8', 93); 
INSERT INTO FLIGHT_INFO VALUES (89, 'DAL', 'MSY', 'PHX', '01:47', '02:31', 'Same Day', 'D40', 133); 
INSERT INTO FLIGHT_INFO VALUES (90, 'JBU', 'IAH', 'LGA', '17:36', '19:00', 'Same Day', 'F33', 1); 
INSERT INTO FLIGHT_INFO VALUES (91, 'AAY', 'PIT', 'DEN', '06:17', '09:46', 'Same Day', 'C41', 91); 
INSERT INTO FLIGHT_INFO VALUES (92, 'JBU', 'DFW', 'LAX', '01:01', '03:10', 'Same Day', 'E8', 37); 
INSERT INTO FLIGHT_INFO VALUES (93, 'SWA', 'LAX', 'PHL', '00:50', '03:03', 'Same Day', 'E27', 128); 
INSERT INTO FLIGHT_INFO VALUES (94, 'JBU', 'MSY', 'EWR', '14:44', '15:43', 'Same Day', 'E14', 61); 
INSERT INTO FLIGHT_INFO VALUES (95, 'FFT', 'DTW', 'MCI', '23:22', '02:33', 'Next Day', '28', 54); 
INSERT INTO FLIGHT_INFO VALUES (96, 'DAL', 'STL', 'IAH', '10:26', '13:47', 'Same Day', 'B30', 0); 
INSERT INTO FLIGHT_INFO VALUES (97, 'UAL', 'DFW', 'IAD', '02:53', '03:52', 'Same Day', 'A4', 166); 
INSERT INTO FLIGHT_INFO VALUES (98, 'JBU', 'EWR', 'PHL', '01:13', '02:49', 'Same Day', 'B16', 163); 
INSERT INTO FLIGHT_INFO VALUES (99, 'AAL', 'SEA', 'MDW', '19:59', '20:34', 'Same Day', 'B48', 200); 
INSERT INTO FLIGHT_INFO VALUES (100, 'UAL', 'IAH', 'DTW', '21:55', '22:53', 'Same Day', 'A44', 36); 
INSERT INTO FLIGHT_INFO VALUES (101, 'DAL', 'PHL', 'PHX', '14:56', '17:56', 'Same Day', 'A42', 26); 
INSERT INTO FLIGHT_INFO VALUES (102, 'AAL', 'MSY', 'ATL', '11:09', '13:56', 'Same Day', 'G7', 26); 
INSERT INTO FLIGHT_INFO VALUES (103, 'UAL', 'STL', 'MKE', '16:25', '19:39', 'Same Day', 'B19', 235); 
INSERT INTO FLIGHT_INFO VALUES (104, 'FFT', 'BWI', 'DAL', '15:12', '18:43', 'Same Day', 'D11', 128); 
INSERT INTO FLIGHT_INFO VALUES (105, 'UAL', 'LAX', 'SLC', '12:21', '14:43', 'Same Day', 'C41', 145); 
INSERT INTO FLIGHT_INFO VALUES (106, 'ASA', 'DCA', 'ANC', '12:25', '13:39', 'Same Day', 'F44', 91); 
INSERT INTO FLIGHT_INFO VALUES (107, 'NKS', 'LAS', 'MIA', '21:45', '00:19', 'Next Day', 'C35', 112); 
INSERT INTO FLIGHT_INFO VALUES (108, 'UAL', 'LAX', 'MCO', '01:59', '03:19', 'Same Day', 'G21', 131); 
INSERT INTO FLIGHT_INFO VALUES (109, 'FFT', 'PDX', 'STL', '09:25', '10:26', 'Same Day', 'F46', 153); 
INSERT INTO FLIGHT_INFO VALUES (110, 'DAL', 'IAD', 'DFW', '08:07', '09:54', 'Same Day', 'A29', 49); 
INSERT INTO FLIGHT_INFO VALUES (111, 'DAL', 'MDW', 'MSP', '19:47', '20:59', 'Same Day', 'E26', 237); 
INSERT INTO FLIGHT_INFO VALUES (112, 'DAL', 'SEA', 'BNA', '13:20', '14:25', 'Same Day', 'D24', 242); 
INSERT INTO FLIGHT_INFO VALUES (113, 'JBU', 'AUS', 'BNA', '14:00', '17:51', 'Same Day', '48', 167); 
INSERT INTO FLIGHT_INFO VALUES (114, 'UAL', 'BWI', 'DAL', '00:28', '01:13', 'Same Day', '24', 96); 
INSERT INTO FLIGHT_INFO VALUES (115, 'AAY', 'PHL', 'CLT', '04:43', '06:02', 'Same Day', 'G34', 94); 
INSERT INTO FLIGHT_INFO VALUES (116, 'SWA', 'SEA', 'CLT', '17:12', '19:05', 'Same Day', 'C48', 232); 
INSERT INTO FLIGHT_INFO VALUES (117, 'SWA', 'PHL', 'IAH', '03:23', '05:36', 'Same Day', 'E34', 144); 
INSERT INTO FLIGHT_INFO VALUES (118, 'AAY', 'LGA', 'CLT', '01:34', '04:55', 'Same Day', 'D46', 51); 
INSERT INTO FLIGHT_INFO VALUES (119, 'SWA', 'EWR', 'MSY', '21:57', '23:34', 'Same Day', 'C26', 27); 
INSERT INTO FLIGHT_INFO VALUES (120, 'NKS', 'PHX', 'ATL', '12:56', '14:47', 'Same Day', 'B8', 85); 
INSERT INTO FLIGHT_INFO VALUES (121, 'SWA', 'JFK', 'DTW', '05:02', '06:06', 'Same Day', 'B26', 16); 
INSERT INTO FLIGHT_INFO VALUES (122, 'SWA', 'BNA', 'SLC', '17:10', '19:26', 'Same Day', 'D45', 81); 
INSERT INTO FLIGHT_INFO VALUES (123, 'AAY', 'MIA', 'MSY', '16:30', '17:44', 'Same Day', 'C24', 236); 
INSERT INTO FLIGHT_INFO VALUES (124, 'AAL', 'DAL', 'ATL', '08:01', '10:14', 'Same Day', 'F1', 147); 
INSERT INTO FLIGHT_INFO VALUES (125, 'AAY', 'CLE', 'BWI', '10:38', '13:41', 'Same Day', 'A32', 9); 
INSERT INTO FLIGHT_INFO VALUES (126, 'ASA', 'ANC', 'MSP', '11:37', '12:50', 'Same Day', '43', 124); 
INSERT INTO FLIGHT_INFO VALUES (127, 'NKS', 'PIT', 'PHL', '18:36', '21:02', 'Same Day', 'D36', 56); 
INSERT INTO FLIGHT_INFO VALUES (128, 'FFT', 'JFK', 'ATL', '06:03', '09:33', 'Same Day', 'B24', 8); 
INSERT INTO FLIGHT_INFO VALUES (129, 'NKS', 'SLC', 'IAD', '09:30', '11:29', 'Same Day', 'F29', 58); 
INSERT INTO FLIGHT_INFO VALUES (130, 'NKS', 'CLT', 'MIA', '06:50', '09:07', 'Same Day', 'G46', 205); 
INSERT INTO FLIGHT_INFO VALUES (131, 'SWA', 'LAS', 'DTW', '09:19', '10:21', 'Same Day', 'C35', 200); 
INSERT INTO FLIGHT_INFO VALUES (132, 'AAY', 'SEA', 'LGA', '22:02', '01:16', 'Next Day', 'C43', 26); 
INSERT INTO FLIGHT_INFO VALUES (133, 'DAL', 'PHX', 'SAT', '10:05', '13:00', 'Same Day', 'F22', 217); 
INSERT INTO FLIGHT_INFO VALUES (134, 'NKS', 'PHX', 'BNA', '19:43', '21:23', 'Same Day', 'B20', 161); 
INSERT INTO FLIGHT_INFO VALUES (135, 'JBU', 'PIT', 'ORD', '14:37', '15:50', 'Same Day', 'F2', 65); 
INSERT INTO FLIGHT_INFO VALUES (136, 'SWA', 'BNA', 'DEN', '16:47', '17:26', 'Same Day', 'F43', 114); 
INSERT INTO FLIGHT_INFO VALUES (137, 'DAL', 'PIT', 'IAH', '20:29', '22:29', 'Same Day', 'C46', 225); 
INSERT INTO FLIGHT_INFO VALUES (138, 'SWA', 'ORD', 'CLT', '03:23', '06:05', 'Same Day', 'E6', 111); 
INSERT INTO FLIGHT_INFO VALUES (139, 'SWA', 'HOU', 'MSP', '20:54', '21:45', 'Same Day', 'D44', 12); 
INSERT INTO FLIGHT_INFO VALUES (140, 'AAY', 'SAN', 'PIT', '06:53', '08:29', 'Same Day', 'E5', 59); 
INSERT INTO FLIGHT_INFO VALUES (141, 'DAL', 'MDW', 'PHL', '21:12', '23:43', 'Same Day', 'E21', 148); 
INSERT INTO FLIGHT_INFO VALUES (142, 'AAY', 'DEN', 'DFW', '21:33', '22:20', 'Same Day', 'F43', 96); 
INSERT INTO FLIGHT_INFO VALUES (143, 'FFT', 'JFK', 'DEN', '23:49', '01:44', 'Next Day', 'F37', 105); 
INSERT INTO FLIGHT_INFO VALUES (144, 'FFT', 'IAD', 'ORD', '04:14', '07:34', 'Same Day', 'G12', 158); 
INSERT INTO FLIGHT_INFO VALUES (145, 'AAL', 'PHX', 'LAX', '01:57', '02:03', 'Same Day', 'C17', 216); 
INSERT INTO FLIGHT_INFO VALUES (146, 'SWA', 'HOU', 'AUS', '01:14', '02:15', 'Same Day', 'B49', 6); 
INSERT INTO FLIGHT_INFO VALUES (147, 'SWA', 'EWR', 'ATL', '07:14', '09:44', 'Same Day', 'B47', 247); 
INSERT INTO FLIGHT_INFO VALUES (148, 'NKS', 'LGA', 'PIT', '20:59', '23:44', 'Same Day', 'E43', 124); 
INSERT INTO FLIGHT_INFO VALUES (149, 'JBU', 'ATL', 'DCA', '04:19', '05:11', 'Same Day', 'A41', 114); 
INSERT INTO FLIGHT_INFO VALUES (150, 'ASA', 'MCO', 'ANC', '12:41', '14:18', 'Same Day', 'F21', 75); 
INSERT INTO FLIGHT_INFO VALUES (151, 'UAL', 'IAD', 'BOS', '06:18', '07:14', 'Same Day', 'C5', 34); 
INSERT INTO FLIGHT_INFO VALUES (152, 'AAL', 'CLT', 'MDW', '07:22', '09:00', 'Same Day', 'A44', 3); 
INSERT INTO FLIGHT_INFO VALUES (153, 'DAL', 'BOS', 'IAH', '18:09', '19:02', 'Same Day', 'F45', 114); 
INSERT INTO FLIGHT_INFO VALUES (154, 'SWA', 'IAH', 'MCO', '16:18', '18:09', 'Same Day', 'C34', 38); 
INSERT INTO FLIGHT_INFO VALUES (155, 'DAL', 'PDX', 'SEA', '22:01', '00:22', 'Next Day', '35', 195); 
INSERT INTO FLIGHT_INFO VALUES (156, 'NKS', 'SEA', 'BNA', '01:31', '04:02', 'Same Day', '22', 209); 
INSERT INTO FLIGHT_INFO VALUES (157, 'AAY', 'DAL', 'BNA', '01:02', '03:05', 'Same Day', 'C31', 37); 
INSERT INTO FLIGHT_INFO VALUES (158, 'SWA', 'IAH', 'HNL', '14:55', '16:09', 'Same Day', 'G48', 4); 
INSERT INTO FLIGHT_INFO VALUES (159, 'AAY', 'MIA', 'HOU', '02:25', '03:19', 'Same Day', '43', 223); 
INSERT INTO FLIGHT_INFO VALUES (160, 'UAL', 'IAH', 'DCA', '09:28', '11:20', 'Same Day', 'E14', 237); 
INSERT INTO FLIGHT_INFO VALUES (161, 'UAL', 'MDW', 'JFK', '13:38', '15:07', 'Same Day', 'A43', 112); 
INSERT INTO FLIGHT_INFO VALUES (162, 'AAY', 'MCI', 'EWR', '14:51', '17:06', 'Same Day', 'C49', 166); 
INSERT INTO FLIGHT_INFO VALUES (163, 'AAL', 'PHL', 'LGA', '21:04', '00:37', 'Next Day', '16', 179); 
INSERT INTO FLIGHT_INFO VALUES (164, 'UAL', 'CLT', 'PHX', '07:01', '10:52', 'Same Day', '30', 155); 
INSERT INTO FLIGHT_INFO VALUES (165, 'DAL', 'AUS', 'MDW', '19:10', '20:14', 'Same Day', 'G1', 182); 
INSERT INTO FLIGHT_INFO VALUES (166, 'UAL', 'CLT', 'ORD', '13:26', '14:53', 'Same Day', 'D32', 183); 
INSERT INTO FLIGHT_INFO VALUES (167, 'SWA', 'HOU', 'CLE', '10:58', '11:37', 'Same Day', 'A27', 192); 
INSERT INTO FLIGHT_INFO VALUES (168, 'FFT', 'SEA', 'DFW', '21:14', '22:24', 'Same Day', 'E22', 102); 
INSERT INTO FLIGHT_INFO VALUES (169, 'DAL', 'MCI', 'STL', '20:11', '23:04', 'Same Day', 'D34', 119); 
INSERT INTO FLIGHT_INFO VALUES (170, 'AAL', 'SEA', 'MCO', '01:00', '04:30', 'Same Day', 'A44', 132); 
INSERT INTO FLIGHT_INFO VALUES (171, 'UAL', 'PDX', 'DCA', '21:38', '00:07', 'Next Day', 'D44', 15); 
INSERT INTO FLIGHT_INFO VALUES (172, 'NKS', 'BOS', 'ATL', '00:48', '01:00', 'Same Day', 'F9', 98); 
INSERT INTO FLIGHT_INFO VALUES (173, 'AAL', 'LAX', 'PHX', '04:38', '05:33', 'Same Day', 'D29', 84); 
INSERT INTO FLIGHT_INFO VALUES (174, 'NKS', 'BNA', 'MIA', '22:20', '01:07', 'Next Day', 'B49', 33); 
INSERT INTO FLIGHT_INFO VALUES (175, 'AAL', 'DCA', 'SEA', '06:39', '08:09', 'Same Day', 'E10', 72); 
INSERT INTO FLIGHT_INFO VALUES (176, 'AAL', 'CLE', 'ATL', '10:49', '12:42', 'Same Day', 'C16', 51); 
INSERT INTO FLIGHT_INFO VALUES (177, 'DAL', 'SEA', 'MSP', '01:33', '03:06', 'Same Day', 'C28', 75); 
INSERT INTO FLIGHT_INFO VALUES (178, 'AAY', 'PHX', 'ATL', '05:16', '08:11', 'Same Day', 'D41', 172); 
INSERT INTO FLIGHT_INFO VALUES (179, 'AAY', 'SLC', 'BNA', '10:53', '13:19', 'Same Day', '37', 42); 
INSERT INTO FLIGHT_INFO VALUES (180, 'JBU', 'MCI', 'SAN', '01:46', '04:22', 'Same Day', 'D8', 247); 
INSERT INTO FLIGHT_INFO VALUES (181, 'SWA', 'JFK', 'DFW', '11:37', '13:24', 'Same Day', '36', 1); 
INSERT INTO FLIGHT_INFO VALUES (182, 'NKS', 'DFW', 'SAT', '05:52', '06:33', 'Same Day', 'A46', 114); 
INSERT INTO FLIGHT_INFO VALUES (183, 'AAY', 'PDX', 'MKE', '10:06', '12:35', 'Same Day', 'F21', 47); 
INSERT INTO FLIGHT_INFO VALUES (184, 'AAY', 'ATL', 'DFW', '23:47', '00:40', 'Next Day', 'G3', 53); 
INSERT INTO FLIGHT_INFO VALUES (185, 'AAY', 'MDW', 'LAX', '01:56', '03:06', 'Same Day', '12', 158); 
INSERT INTO FLIGHT_INFO VALUES (186, 'AAL', 'IAH', 'DAL', '21:59', '00:54', 'Next Day', 'G3', 201); 
INSERT INTO FLIGHT_INFO VALUES (187, 'AAL', 'MCI', 'STL', '01:25', '03:27', 'Same Day', 'F5', 156); 
INSERT INTO FLIGHT_INFO VALUES (188, 'FFT', 'STL', 'LAS', '12:42', '14:05', 'Same Day', '33', 205); 
INSERT INTO FLIGHT_INFO VALUES (189, 'SWA', 'LAX', 'EWR', '22:58', '23:46', 'Same Day', 'A43', 180); 
INSERT INTO FLIGHT_INFO VALUES (190, 'AAL', 'DTW', 'PDX', '16:47', '17:11', 'Same Day', 'F35', 156); 
INSERT INTO FLIGHT_INFO VALUES (191, 'FFT', 'LAX', 'LGA', '05:26', '06:07', 'Same Day', 'A38', 43); 
INSERT INTO FLIGHT_INFO VALUES (192, 'SWA', 'CLE', 'ATL', '10:43', '13:12', 'Same Day', 'A28', 138); 
INSERT INTO FLIGHT_INFO VALUES (193, 'AAY', 'MDW', 'CLE', '20:14', '21:49', 'Same Day', 'C16', 200); 
INSERT INTO FLIGHT_INFO VALUES (194, 'DAL', 'PIT', 'CLT', '02:09', '05:46', 'Same Day', 'E33', 51); 
INSERT INTO FLIGHT_INFO VALUES (195, 'AAY', 'MDW', 'PHL', '10:20', '12:19', 'Same Day', 'F27', 13); 
INSERT INTO FLIGHT_INFO VALUES (196, 'AAL', 'HNL', 'MKE', '15:02', '18:47', 'Same Day', 'D5', 40); 
INSERT INTO FLIGHT_INFO VALUES (197, 'NKS', 'DAL', 'MCO', '00:58', '03:22', 'Same Day', 'C19', 82); 
INSERT INTO FLIGHT_INFO VALUES (198, 'JBU', 'JFK', 'IAH', '03:56', '06:38', 'Same Day', 'G45', 233); 
INSERT INTO FLIGHT_INFO VALUES (199, 'AAY', 'PHL', 'LGA', '03:18', '04:31', 'Same Day', 'F36', 50); 
INSERT INTO FLIGHT_INFO VALUES (200, 'UAL', 'STL', 'PHL', '04:22', '05:22', 'Same Day', 'F40', 188); 
INSERT INTO FLIGHT_INFO VALUES (201, 'NKS', 'JFK', 'MDW', '11:50', '12:18', 'Same Day', 'D25', 13); 
INSERT INTO FLIGHT_INFO VALUES (202, 'UAL', 'PIT', 'JFK', '23:51', '02:48', 'Next Day', 'D18', 222); 
INSERT INTO FLIGHT_INFO VALUES (203, 'FFT', 'LGA', 'PHX', '21:28', '22:46', 'Same Day', 'G17', 71); 
INSERT INTO FLIGHT_INFO VALUES (204, 'NKS', 'SLC', 'DEN', '20:27', '23:50', 'Same Day', 'E22', 3); 
INSERT INTO FLIGHT_INFO VALUES (205, 'DAL', 'CLT', 'DAL', '18:01', '19:48', 'Same Day', 'D5', 14); 
INSERT INTO FLIGHT_INFO VALUES (206, 'ASA', 'HOU', 'ANC', '05:52', '08:20', 'Same Day', 'F9', 187); 
INSERT INTO FLIGHT_INFO VALUES (207, 'SWA', 'SLC', 'LGA', '19:29', '20:18', 'Same Day', 'B31', 180); 
INSERT INTO FLIGHT_INFO VALUES (208, 'NKS', 'BNA', 'DTW', '08:14', '09:07', 'Same Day', 'E24', 80); 
INSERT INTO FLIGHT_INFO VALUES (209, 'DAL', 'STL', 'PDX', '03:19', '04:55', 'Same Day', 'D33', 192); 
INSERT INTO FLIGHT_INFO VALUES (210, 'UAL', 'PHL', 'IAH', '03:11', '04:05', 'Same Day', 'D43', 41); 
INSERT INTO FLIGHT_INFO VALUES (211, 'AAL', 'ORD', 'PDX', '10:11', '11:43', 'Same Day', 'G14', 3); 
INSERT INTO FLIGHT_INFO VALUES (212, 'FFT', 'SLC', 'DTW', '15:23', '17:07', 'Same Day', 'G30', 65); 
INSERT INTO FLIGHT_INFO VALUES (213, 'DAL', 'DEN', 'ORD', '20:44', '22:35', 'Same Day', 'D48', 56); 
INSERT INTO FLIGHT_INFO VALUES (214, 'SWA', 'DTW', 'CLE', '17:51', '18:31', 'Same Day', 'E21', 143); 
INSERT INTO FLIGHT_INFO VALUES (215, 'ASA', 'BNA', 'ANC', '10:33', '11:54', 'Same Day', '3', 57); 
INSERT INTO FLIGHT_INFO VALUES (216, 'SWA', 'PHL', 'CLE', '04:43', '07:52', 'Same Day', '25', 103); 
INSERT INTO FLIGHT_INFO VALUES (217, 'FFT', 'STL', 'BNA', '21:49', '23:55', 'Same Day', 'C6', 146); 
INSERT INTO FLIGHT_INFO VALUES (218, 'AAY', 'MDW', 'EWR', '15:58', '18:49', 'Same Day', 'G9', 212); 
INSERT INTO FLIGHT_INFO VALUES (219, 'AAY', 'MDW', 'MCO', '15:28', '16:53', 'Same Day', 'D31', 166); 
INSERT INTO FLIGHT_INFO VALUES (220, 'SWA', 'MIA', 'MDW', '08:39', '11:39', 'Same Day', '45', 51); 
INSERT INTO FLIGHT_INFO VALUES (221, 'AAL', 'SEA', 'ATL', '20:47', '21:36', 'Same Day', 'E13', 37); 
INSERT INTO FLIGHT_INFO VALUES (222, 'AAL', 'PHX', 'LAX', '02:58', '04:55', 'Same Day', 'G21', 187); 
INSERT INTO FLIGHT_INFO VALUES (223, 'DAL', 'DFW', 'SLC', '00:52', '03:59', 'Same Day', 'A31', 18); 
INSERT INTO FLIGHT_INFO VALUES (224, 'SWA', 'DAL', 'CLE', '06:54', '07:47', 'Same Day', 'D4', 238); 
INSERT INTO FLIGHT_INFO VALUES (225, 'JBU', 'MSP', 'PIT', '17:03', '19:35', 'Same Day', 'A24', 76); 
INSERT INTO FLIGHT_INFO VALUES (226, 'SWA', 'PDX', 'SLC', '13:31', '16:36', 'Same Day', 'E34', 31); 
INSERT INTO FLIGHT_INFO VALUES (227, 'FFT', 'SAT', 'JFK', '12:57', '14:00', 'Same Day', 'C11', 1); 
INSERT INTO FLIGHT_INFO VALUES (228, 'SWA', 'LGA', 'EWR', '08:22', '10:30', 'Same Day', '7', 134); 
INSERT INTO FLIGHT_INFO VALUES (229, 'NKS', 'ATL', 'SLC', '00:59', '01:17', 'Same Day', 'G6', 196); 
INSERT INTO FLIGHT_INFO VALUES (230, 'AAY', 'ORD', 'DCA', '22:43', '01:57', 'Next Day', 'A49', 203); 
INSERT INTO FLIGHT_INFO VALUES (231, 'NKS', 'STL', 'IAH', '22:34', '01:45', 'Next Day', 'D7', 34); 
INSERT INTO FLIGHT_INFO VALUES (232, 'JBU', 'JFK', 'MDW', '04:48', '06:47', 'Same Day', 'D11', 218); 
INSERT INTO FLIGHT_INFO VALUES (233, 'AAL', 'MIA', 'BOS', '23:45', '01:39', 'Next Day', 'D23', 127); 
INSERT INTO FLIGHT_INFO VALUES (234, 'NKS', 'CLE', 'STL', '00:04', '03:09', 'Same Day', 'E12', 161); 
INSERT INTO FLIGHT_INFO VALUES (235, 'AAY', 'HOU', 'IAH', '16:11', '18:22', 'Same Day', 'F11', 16); 
INSERT INTO FLIGHT_INFO VALUES (236, 'AAY', 'STL', 'HNL', '18:29', '19:19', 'Same Day', 'D35', 190); 
INSERT INTO FLIGHT_INFO VALUES (237, 'ASA', 'ANC', 'DTW', '06:04', '09:50', 'Same Day', '41', 22); 
INSERT INTO FLIGHT_INFO VALUES (238, 'AAY', 'LGA', 'MCI', '23:47', '01:11', 'Next Day', 'D28', 120); 
INSERT INTO FLIGHT_INFO VALUES (239, 'SWA', 'PIT', 'DEN', '13:32', '14:26', 'Same Day', 'C7', 82); 
INSERT INTO FLIGHT_INFO VALUES (240, 'ASA', 'ANC', 'AUS', '19:05', '20:57', 'Same Day', 'A26', 176); 
INSERT INTO FLIGHT_INFO VALUES (241, 'FFT', 'SEA', 'HOU', '21:49', '22:17', 'Same Day', 'G19', 75); 
INSERT INTO FLIGHT_INFO VALUES (242, 'AAL', 'ORD', 'SAT', '22:26', '23:37', 'Same Day', 'A28', 163); 
INSERT INTO FLIGHT_INFO VALUES (243, 'FFT', 'LGA', 'MIA', '19:29', '21:03', 'Same Day', 'C38', 218); 
INSERT INTO FLIGHT_INFO VALUES (244, 'FFT', 'STL', 'CLE', '00:32', '01:24', 'Same Day', 'E25', 179); 
INSERT INTO FLIGHT_INFO VALUES (245, 'DAL', 'DAL', 'MKE', '05:23', '06:39', 'Same Day', 'E47', 230); 
INSERT INTO FLIGHT_INFO VALUES (246, 'JBU', 'MKE', 'ORD', '23:55', '02:58', 'Next Day', '25', 4); 
INSERT INTO FLIGHT_INFO VALUES (247, 'ASA', 'MSP', 'ANC', '12:12', '15:40', 'Same Day', 'F25', 112); 
INSERT INTO FLIGHT_INFO VALUES (248, 'UAL', 'MIA', 'DCA', '20:54', '21:50', 'Same Day', '18', 193); 
INSERT INTO FLIGHT_INFO VALUES (249, 'NKS', 'DCA', 'MCO', '11:56', '13:07', 'Same Day', 'A30', 211); 
INSERT INTO FLIGHT_INFO VALUES (250, 'NKS', 'PHL', 'HOU', '04:22', '07:58', 'Same Day', 'G28', 208); 
INSERT INTO FLIGHT_INFO VALUES (251, 'NKS', 'MSP', 'CLE', '09:30', '12:17', 'Same Day', 'G49', 86); 
INSERT INTO FLIGHT_INFO VALUES (252, 'JBU', 'IAH', 'PDX', '18:45', '19:00', 'Same Day', 'B18', 195); 
INSERT INTO FLIGHT_INFO VALUES (253, 'JBU', 'DCA', 'DEN', '05:00', '06:42', 'Same Day', 'F41', 115); 
INSERT INTO FLIGHT_INFO VALUES (254, 'AAL', 'HNL', 'ATL', '02:43', '05:29', 'Same Day', 'E44', 63); 
INSERT INTO FLIGHT_INFO VALUES (255, 'DAL', 'MSP', 'BOS', '10:38', '12:00', 'Same Day', 'G11', 112); 
INSERT INTO FLIGHT_INFO VALUES (256, 'JBU', 'STL', 'LGA', '05:14', '06:30', 'Same Day', '34', 103); 
INSERT INTO FLIGHT_INFO VALUES (257, 'NKS', 'IAD', 'MSY', '18:17', '19:27', 'Same Day', 'E21', 224); 
INSERT INTO FLIGHT_INFO VALUES (258, 'AAY', 'ORD', 'MCO', '14:02', '16:02', 'Same Day', 'C25', 37); 
INSERT INTO FLIGHT_INFO VALUES (259, 'UAL', 'AUS', 'LAX', '09:18', '12:48', 'Same Day', 'B23', 238); 
INSERT INTO FLIGHT_INFO VALUES (260, 'UAL', 'MCI', 'DFW', '22:49', '01:57', 'Next Day', 'B25', 168); 
INSERT INTO FLIGHT_INFO VALUES (261, 'FFT', 'MIA', 'DEN', '01:27', '03:56', 'Same Day', 'A33', 187); 
INSERT INTO FLIGHT_INFO VALUES (262, 'JBU', 'CLT', 'JFK', '14:23', '16:26', 'Same Day', 'D19', 234); 
INSERT INTO FLIGHT_INFO VALUES (263, 'NKS', 'HNL', 'LGA', '02:47', '04:19', 'Same Day', '23', 9); 
INSERT INTO FLIGHT_INFO VALUES (264, 'AAY', 'CLT', 'HNL', '12:31', '15:09', 'Same Day', 'G8', 245); 
INSERT INTO FLIGHT_INFO VALUES (265, 'JBU', 'LAX', 'ATL', '16:31', '17:29', 'Same Day', 'C26', 173); 
INSERT INTO FLIGHT_INFO VALUES (266, 'UAL', 'MIA', 'HOU', '21:52', '00:22', 'Next Day', '6', 228); 
INSERT INTO FLIGHT_INFO VALUES (267, 'UAL', 'SLC', 'CLT', '03:08', '04:22', 'Same Day', 'F7', 185); 
INSERT INTO FLIGHT_INFO VALUES (268, 'JBU', 'HNL', 'SEA', '13:43', '16:28', 'Same Day', 'A42', 120); 
INSERT INTO FLIGHT_INFO VALUES (269, 'NKS', 'DAL', 'PIT', '19:24', '20:17', 'Same Day', 'D28', 100); 
INSERT INTO FLIGHT_INFO VALUES (270, 'NKS', 'PDX', 'MCI', '11:46', '13:21', 'Same Day', '3', 133); 
INSERT INTO FLIGHT_INFO VALUES (271, 'SWA', 'IAH', 'PIT', '04:27', '06:17', 'Same Day', 'G16', 61); 
INSERT INTO FLIGHT_INFO VALUES (272, 'UAL', 'AUS', 'BWI', '19:42', '21:39', 'Same Day', 'G29', 97); 
INSERT INTO FLIGHT_INFO VALUES (273, 'AAY', 'MSP', 'MCI', '22:16', '01:57', 'Next Day', 'D38', 229); 
INSERT INTO FLIGHT_INFO VALUES (274, 'JBU', 'HOU', 'CLE', '17:04', '20:01', 'Same Day', 'D15', 169); 
INSERT INTO FLIGHT_INFO VALUES (275, 'AAL', 'DEN', 'LAX', '03:16', '05:56', 'Same Day', 'C11', 192); 
INSERT INTO FLIGHT_INFO VALUES (276, 'SWA', 'PDX', 'CLE', '21:12', '22:36', 'Same Day', 'B12', 114); 
INSERT INTO FLIGHT_INFO VALUES (277, 'DAL', 'DCA', 'ORD', '17:08', '20:32', 'Same Day', 'A18', 145); 
INSERT INTO FLIGHT_INFO VALUES (278, 'JBU', 'MCO', 'DFW', '08:27', '10:50', 'Same Day', 'A14', 175); 
INSERT INTO FLIGHT_INFO VALUES (279, 'AAY', 'IAD', 'LGA', '15:15', '16:03', 'Same Day', 'A12', 87); 
INSERT INTO FLIGHT_INFO VALUES (280, 'DAL', 'ATL', 'EWR', '01:16', '04:55', 'Same Day', 'A4', 72); 
INSERT INTO FLIGHT_INFO VALUES (281, 'SWA', 'ORD', 'PIT', '18:05', '21:18', 'Same Day', 'G27', 131); 
INSERT INTO FLIGHT_INFO VALUES (282, 'SWA', 'LGA', 'BNA', '23:39', '02:22', 'Next Day', 'E28', 87); 
INSERT INTO FLIGHT_INFO VALUES (283, 'JBU', 'MDW', 'LAX', '00:24', '01:46', 'Same Day', 'F4', 237); 
INSERT INTO FLIGHT_INFO VALUES (284, 'AAY', 'MIA', 'IAH', '04:09', '07:41', 'Same Day', 'G22', 241); 
INSERT INTO FLIGHT_INFO VALUES (285, 'NKS', 'MCO', 'ORD', '15:57', '16:02', 'Same Day', 'D3', 104); 
INSERT INTO FLIGHT_INFO VALUES (286, 'DAL', 'ORD', 'PHL', '04:20', '06:21', 'Same Day', 'D31', 156); 
INSERT INTO FLIGHT_INFO VALUES (287, 'SWA', 'SAN', 'BWI', '15:19', '17:23', 'Same Day', 'C8', 61); 
INSERT INTO FLIGHT_INFO VALUES (288, 'JBU', 'MKE', 'PIT', '18:41', '19:17', 'Same Day', 'C9', 85); 
INSERT INTO FLIGHT_INFO VALUES (289, 'ASA', 'MSY', 'ANC', '07:21', '10:51', 'Same Day', 'E47', 74); 
INSERT INTO FLIGHT_INFO VALUES (290, 'UAL', 'SEA', 'DTW', '10:18', '12:47', 'Same Day', 'G31', 140); 
INSERT INTO FLIGHT_INFO VALUES (291, 'NKS', 'STL', 'JFK', '18:10', '20:05', 'Same Day', 'F39', 101); 
INSERT INTO FLIGHT_INFO VALUES (292, 'DAL', 'PHX', 'STL', '14:15', '15:08', 'Same Day', 'E22', 216); 
INSERT INTO FLIGHT_INFO VALUES (293, 'SWA', 'SAN', 'EWR', '07:27', '08:46', 'Same Day', '17', 104); 
INSERT INTO FLIGHT_INFO VALUES (294, 'DAL', 'SAN', 'AUS', '00:21', '01:31', 'Same Day', 'E46', 230); 
INSERT INTO FLIGHT_INFO VALUES (295, 'FFT', 'MSY', 'DEN', '01:35', '04:23', 'Same Day', 'F48', 189); 
INSERT INTO FLIGHT_INFO VALUES (296, 'AAY', 'AUS', 'STL', '16:57', '19:27', 'Same Day', 'G15', 151); 
INSERT INTO FLIGHT_INFO VALUES (297, 'SWA', 'DCA', 'BNA', '00:57', '02:07', 'Same Day', 'B5', 52); 
INSERT INTO FLIGHT_INFO VALUES (298, 'AAY', 'AUS', 'IAH', '21:44', '00:28', 'Next Day', 'C37', 154); 
INSERT INTO FLIGHT_INFO VALUES (299, 'UAL', 'HOU', 'IAH', '09:03', '11:23', 'Same Day', 'E46', 98); 

INSERT INTO FLIGHT_ATTENDANTS VALUES (0, 285, 148, '2013-06-08'); 
INSERT INTO FLIGHT_ATTENDANTS VALUES (1, 245, 74, '2019-01-20'); 
INSERT INTO FLIGHT_ATTENDANTS VALUES (2, 96, 59, '2019-06-09'); 
INSERT INTO FLIGHT_ATTENDANTS VALUES (3, 114, 189, '2013-07-17'); 
INSERT INTO FLIGHT_ATTENDANTS VALUES (4, 264, 63, '2010-03-14'); 
INSERT INTO FLIGHT_ATTENDANTS VALUES (5, 34, 0, '2010-04-07'); 
INSERT INTO FLIGHT_ATTENDANTS VALUES (6, 61, 113, '2019-11-20'); 
INSERT INTO FLIGHT_ATTENDANTS VALUES (7, 41, 30, '2018-06-21'); 
INSERT INTO FLIGHT_ATTENDANTS VALUES (8, 297, 98, '2016-02-04'); 
INSERT INTO FLIGHT_ATTENDANTS VALUES (9, 193, 28, '2013-08-23'); 
INSERT INTO FLIGHT_ATTENDANTS VALUES (10, 93, 197, '2014-01-12'); 
INSERT INTO FLIGHT_ATTENDANTS VALUES (11, 288, 8, '2017-10-13'); 
INSERT INTO FLIGHT_ATTENDANTS VALUES (12, 163, 170, '2010-12-09'); 
INSERT INTO FLIGHT_ATTENDANTS VALUES (13, 204, 60, '2019-10-19'); 
INSERT INTO FLIGHT_ATTENDANTS VALUES (14, 260, 123, '2010-08-09'); 
INSERT INTO FLIGHT_ATTENDANTS VALUES (15, 69, 150, '2016-10-14'); 
INSERT INTO FLIGHT_ATTENDANTS VALUES (16, 114, 119, '2011-12-25'); 
INSERT INTO FLIGHT_ATTENDANTS VALUES (17, 227, 171, '2015-08-26'); 
INSERT INTO FLIGHT_ATTENDANTS VALUES (18, 153, 125, '2010-10-18'); 
INSERT INTO FLIGHT_ATTENDANTS VALUES (19, 244, 186, '2012-03-06'); 
INSERT INTO FLIGHT_ATTENDANTS VALUES (20, 162, 102, '2015-02-26'); 
INSERT INTO FLIGHT_ATTENDANTS VALUES (21, 94, 59, '2017-06-04'); 
INSERT INTO FLIGHT_ATTENDANTS VALUES (22, 92, 25, '2014-11-18'); 
INSERT INTO FLIGHT_ATTENDANTS VALUES (23, 257, 84, '2018-07-14'); 
INSERT INTO FLIGHT_ATTENDANTS VALUES (24, 112, 153, '2012-09-03'); 
INSERT INTO FLIGHT_ATTENDANTS VALUES (25, 201, 41, '2013-07-05'); 
INSERT INTO FLIGHT_ATTENDANTS VALUES (26, 191, 157, '2011-12-03'); 
INSERT INTO FLIGHT_ATTENDANTS VALUES (27, 11, 197, '2017-12-20'); 
INSERT INTO FLIGHT_ATTENDANTS VALUES (28, 288, 19, '2018-07-25'); 
INSERT INTO FLIGHT_ATTENDANTS VALUES (29, 72, 93, '2013-07-13'); 
INSERT INTO FLIGHT_ATTENDANTS VALUES (30, 18, 53, '2012-02-26'); 
INSERT INTO FLIGHT_ATTENDANTS VALUES (31, 69, 156, '2013-04-16'); 
INSERT INTO FLIGHT_ATTENDANTS VALUES (32, 113, 149, '2014-05-27'); 
INSERT INTO FLIGHT_ATTENDANTS VALUES (33, 70, 33, '2016-03-05'); 
INSERT INTO FLIGHT_ATTENDANTS VALUES (34, 208, 38, '2019-06-23'); 
INSERT INTO FLIGHT_ATTENDANTS VALUES (35, 158, 39, '2017-01-24'); 
INSERT INTO FLIGHT_ATTENDANTS VALUES (36, 200, 112, '2016-04-10'); 
INSERT INTO FLIGHT_ATTENDANTS VALUES (37, 153, 15, '2014-10-02'); 
INSERT INTO FLIGHT_ATTENDANTS VALUES (38, 35, 126, '2015-04-26'); 
INSERT INTO FLIGHT_ATTENDANTS VALUES (39, 217, 188, '2017-05-01'); 
INSERT INTO FLIGHT_ATTENDANTS VALUES (40, 226, 96, '2011-02-11'); 
INSERT INTO FLIGHT_ATTENDANTS VALUES (41, 119, 109, '2019-08-10'); 
INSERT INTO FLIGHT_ATTENDANTS VALUES (42, 67, 80, '2013-10-08'); 
INSERT INTO FLIGHT_ATTENDANTS VALUES (43, 292, 89, '2014-10-22'); 
INSERT INTO FLIGHT_ATTENDANTS VALUES (44, 286, 196, '2017-04-24'); 
INSERT INTO FLIGHT_ATTENDANTS VALUES (45, 157, 84, '2014-10-25'); 
INSERT INTO FLIGHT_ATTENDANTS VALUES (46, 38, 106, '2011-07-20'); 
INSERT INTO FLIGHT_ATTENDANTS VALUES (47, 179, 131, '2011-04-15'); 
INSERT INTO FLIGHT_ATTENDANTS VALUES (48, 228, 189, '2013-04-05'); 
INSERT INTO FLIGHT_ATTENDANTS VALUES (49, 171, 42, '2017-06-03'); 
INSERT INTO FLIGHT_ATTENDANTS VALUES (50, 41, 195, '2014-09-26'); 
INSERT INTO FLIGHT_ATTENDANTS VALUES (51, 186, 180, '2018-10-26'); 
INSERT INTO FLIGHT_ATTENDANTS VALUES (52, 119, 25, '2012-05-07'); 
INSERT INTO FLIGHT_ATTENDANTS VALUES (53, 135, 196, '2018-07-09'); 
INSERT INTO FLIGHT_ATTENDANTS VALUES (54, 262, 196, '2015-12-14'); 
INSERT INTO FLIGHT_ATTENDANTS VALUES (55, 36, 7, '2010-01-19'); 
INSERT INTO FLIGHT_ATTENDANTS VALUES (56, 181, 36, '2018-06-13'); 
INSERT INTO FLIGHT_ATTENDANTS VALUES (57, 216, 48, '2015-12-05'); 
INSERT INTO FLIGHT_ATTENDANTS VALUES (58, 128, 8, '2012-01-17'); 
INSERT INTO FLIGHT_ATTENDANTS VALUES (59, 244, 108, '2015-06-21'); 
INSERT INTO FLIGHT_ATTENDANTS VALUES (60, 95, 171, '2011-03-05'); 
INSERT INTO FLIGHT_ATTENDANTS VALUES (61, 222, 66, '2015-07-05'); 
INSERT INTO FLIGHT_ATTENDANTS VALUES (62, 202, 134, '2015-09-09'); 
INSERT INTO FLIGHT_ATTENDANTS VALUES (63, 2, 145, '2016-11-07'); 
INSERT INTO FLIGHT_ATTENDANTS VALUES (64, 267, 183, '2016-11-06'); 
INSERT INTO FLIGHT_ATTENDANTS VALUES (65, 145, 70, '2017-02-03'); 
INSERT INTO FLIGHT_ATTENDANTS VALUES (66, 137, 103, '2019-06-22'); 
INSERT INTO FLIGHT_ATTENDANTS VALUES (67, 28, 137, '2013-04-18'); 
INSERT INTO FLIGHT_ATTENDANTS VALUES (68, 158, 185, '2016-12-20'); 
INSERT INTO FLIGHT_ATTENDANTS VALUES (69, 151, 25, '2010-08-13'); 
INSERT INTO FLIGHT_ATTENDANTS VALUES (70, 152, 153, '2016-09-08'); 
INSERT INTO FLIGHT_ATTENDANTS VALUES (71, 219, 41, '2013-12-23'); 
INSERT INTO FLIGHT_ATTENDANTS VALUES (72, 111, 155, '2018-01-05'); 
INSERT INTO FLIGHT_ATTENDANTS VALUES (73, 15, 52, '2017-08-12'); 
INSERT INTO FLIGHT_ATTENDANTS VALUES (74, 168, 105, '2018-04-28'); 
INSERT INTO FLIGHT_ATTENDANTS VALUES (75, 229, 98, '2012-06-08'); 
INSERT INTO FLIGHT_ATTENDANTS VALUES (76, 47, 14, '2010-08-02'); 
INSERT INTO FLIGHT_ATTENDANTS VALUES (77, 164, 178, '2018-02-15'); 
INSERT INTO FLIGHT_ATTENDANTS VALUES (78, 280, 148, '2016-12-09'); 
INSERT INTO FLIGHT_ATTENDANTS VALUES (79, 132, 144, '2013-11-14'); 
INSERT INTO FLIGHT_ATTENDANTS VALUES (80, 37, 182, '2019-05-27'); 
INSERT INTO FLIGHT_ATTENDANTS VALUES (81, 30, 194, '2012-08-08'); 
INSERT INTO FLIGHT_ATTENDANTS VALUES (82, 209, 184, '2012-11-08'); 
INSERT INTO FLIGHT_ATTENDANTS VALUES (83, 257, 10, '2013-11-26'); 
INSERT INTO FLIGHT_ATTENDANTS VALUES (84, 206, 10, '2016-04-25'); 
INSERT INTO FLIGHT_ATTENDANTS VALUES (85, 228, 0, '2018-04-11'); 
INSERT INTO FLIGHT_ATTENDANTS VALUES (86, 156, 162, '2015-05-12'); 
INSERT INTO FLIGHT_ATTENDANTS VALUES (87, 109, 181, '2019-12-04'); 
INSERT INTO FLIGHT_ATTENDANTS VALUES (88, 246, 5, '2015-09-10'); 
INSERT INTO FLIGHT_ATTENDANTS VALUES (89, 271, 57, '2016-11-22'); 
INSERT INTO FLIGHT_ATTENDANTS VALUES (90, 221, 95, '2011-06-15'); 
INSERT INTO FLIGHT_ATTENDANTS VALUES (91, 174, 109, '2015-09-07'); 
INSERT INTO FLIGHT_ATTENDANTS VALUES (92, 81, 66, '2015-01-04'); 
INSERT INTO FLIGHT_ATTENDANTS VALUES (93, 20, 100, '2011-06-25'); 
INSERT INTO FLIGHT_ATTENDANTS VALUES (94, 95, 50, '2017-09-23'); 
INSERT INTO FLIGHT_ATTENDANTS VALUES (95, 113, 149, '2011-09-24'); 
INSERT INTO FLIGHT_ATTENDANTS VALUES (96, 237, 67, '2017-05-04'); 
INSERT INTO FLIGHT_ATTENDANTS VALUES (97, 14, 20, '2014-06-11'); 
INSERT INTO FLIGHT_ATTENDANTS VALUES (98, 249, 117, '2013-11-21'); 
INSERT INTO FLIGHT_ATTENDANTS VALUES (99, 79, 77, '2019-10-11'); 
INSERT INTO FLIGHT_ATTENDANTS VALUES (100, 279, 191, '2016-04-26'); 
INSERT INTO FLIGHT_ATTENDANTS VALUES (101, 150, 50, '2019-09-12'); 
INSERT INTO FLIGHT_ATTENDANTS VALUES (102, 233, 163, '2013-10-04'); 
INSERT INTO FLIGHT_ATTENDANTS VALUES (103, 157, 163, '2018-08-19'); 
INSERT INTO FLIGHT_ATTENDANTS VALUES (104, 207, 27, '2019-06-19'); 
INSERT INTO FLIGHT_ATTENDANTS VALUES (105, 253, 103, '2012-05-18'); 
INSERT INTO FLIGHT_ATTENDANTS VALUES (106, 249, 45, '2014-05-04'); 
INSERT INTO FLIGHT_ATTENDANTS VALUES (107, 6, 52, '2015-04-03'); 
INSERT INTO FLIGHT_ATTENDANTS VALUES (108, 190, 107, '2017-04-27'); 
INSERT INTO FLIGHT_ATTENDANTS VALUES (109, 179, 1, '2014-07-22'); 
INSERT INTO FLIGHT_ATTENDANTS VALUES (110, 178, 69, '2013-12-06'); 
INSERT INTO FLIGHT_ATTENDANTS VALUES (111, 232, 188, '2015-09-07'); 
INSERT INTO FLIGHT_ATTENDANTS VALUES (112, 84, 34, '2010-11-14'); 
INSERT INTO FLIGHT_ATTENDANTS VALUES (113, 24, 90, '2011-11-07'); 
INSERT INTO FLIGHT_ATTENDANTS VALUES (114, 286, 173, '2019-10-13'); 
INSERT INTO FLIGHT_ATTENDANTS VALUES (115, 265, 124, '2014-03-22'); 
INSERT INTO FLIGHT_ATTENDANTS VALUES (116, 138, 147, '2013-12-25'); 
INSERT INTO FLIGHT_ATTENDANTS VALUES (117, 153, 93, '2016-03-03'); 
INSERT INTO FLIGHT_ATTENDANTS VALUES (118, 69, 50, '2017-03-13'); 
INSERT INTO FLIGHT_ATTENDANTS VALUES (119, 144, 100, '2019-04-22'); 
INSERT INTO FLIGHT_ATTENDANTS VALUES (120, 150, 180, '2010-09-05'); 
INSERT INTO FLIGHT_ATTENDANTS VALUES (121, 121, 97, '2016-04-27'); 
INSERT INTO FLIGHT_ATTENDANTS VALUES (122, 35, 193, '2018-12-12'); 
INSERT INTO FLIGHT_ATTENDANTS VALUES (123, 44, 164, '2015-04-20'); 
INSERT INTO FLIGHT_ATTENDANTS VALUES (124, 297, 57, '2010-06-16'); 
INSERT INTO FLIGHT_ATTENDANTS VALUES (125, 151, 197, '2016-11-18'); 
INSERT INTO FLIGHT_ATTENDANTS VALUES (126, 197, 47, '2011-10-25'); 
INSERT INTO FLIGHT_ATTENDANTS VALUES (127, 203, 27, '2010-12-22'); 
INSERT INTO FLIGHT_ATTENDANTS VALUES (128, 182, 127, '2018-02-09'); 
INSERT INTO FLIGHT_ATTENDANTS VALUES (129, 8, 34, '2011-02-07'); 
INSERT INTO FLIGHT_ATTENDANTS VALUES (130, 215, 34, '2010-05-05'); 
INSERT INTO FLIGHT_ATTENDANTS VALUES (131, 58, 73, '2013-06-14'); 
INSERT INTO FLIGHT_ATTENDANTS VALUES (132, 108, 11, '2013-07-17'); 
INSERT INTO FLIGHT_ATTENDANTS VALUES (133, 280, 88, '2017-08-02'); 
INSERT INTO FLIGHT_ATTENDANTS VALUES (134, 66, 63, '2010-02-22'); 
INSERT INTO FLIGHT_ATTENDANTS VALUES (135, 286, 99, '2013-03-22'); 
INSERT INTO FLIGHT_ATTENDANTS VALUES (136, 260, 162, '2013-02-21'); 
INSERT INTO FLIGHT_ATTENDANTS VALUES (137, 52, 61, '2010-10-12'); 
INSERT INTO FLIGHT_ATTENDANTS VALUES (138, 56, 176, '2017-04-10'); 
INSERT INTO FLIGHT_ATTENDANTS VALUES (139, 165, 66, '2018-04-09'); 
INSERT INTO FLIGHT_ATTENDANTS VALUES (140, 187, 81, '2017-01-02'); 
INSERT INTO FLIGHT_ATTENDANTS VALUES (141, 134, 105, '2011-03-10'); 
INSERT INTO FLIGHT_ATTENDANTS VALUES (142, 45, 88, '2019-04-13'); 
INSERT INTO FLIGHT_ATTENDANTS VALUES (143, 135, 120, '2019-09-01'); 
INSERT INTO FLIGHT_ATTENDANTS VALUES (144, 10, 114, '2014-12-27'); 
INSERT INTO FLIGHT_ATTENDANTS VALUES (145, 252, 55, '2013-11-14'); 
INSERT INTO FLIGHT_ATTENDANTS VALUES (146, 14, 132, '2010-05-17'); 
INSERT INTO FLIGHT_ATTENDANTS VALUES (147, 56, 194, '2011-05-28'); 
INSERT INTO FLIGHT_ATTENDANTS VALUES (148, 53, 3, '2015-01-08'); 
INSERT INTO FLIGHT_ATTENDANTS VALUES (149, 202, 74, '2012-10-12'); 
INSERT INTO FLIGHT_ATTENDANTS VALUES (150, 217, 51, '2014-09-02'); 
INSERT INTO FLIGHT_ATTENDANTS VALUES (151, 292, 25, '2015-05-22'); 
INSERT INTO FLIGHT_ATTENDANTS VALUES (152, 221, 87, '2014-01-19'); 
INSERT INTO FLIGHT_ATTENDANTS VALUES (153, 275, 155, '2011-05-13'); 
INSERT INTO FLIGHT_ATTENDANTS VALUES (154, 46, 3, '2019-01-23'); 
INSERT INTO FLIGHT_ATTENDANTS VALUES (155, 61, 105, '2013-04-20'); 
INSERT INTO FLIGHT_ATTENDANTS VALUES (156, 210, 55, '2019-10-23'); 
INSERT INTO FLIGHT_ATTENDANTS VALUES (157, 143, 86, '2019-11-02'); 
INSERT INTO FLIGHT_ATTENDANTS VALUES (158, 122, 29, '2014-08-19'); 
INSERT INTO FLIGHT_ATTENDANTS VALUES (159, 137, 194, '2011-06-13'); 
INSERT INTO FLIGHT_ATTENDANTS VALUES (160, 82, 144, '2010-11-16'); 
INSERT INTO FLIGHT_ATTENDANTS VALUES (161, 77, 72, '2014-02-04'); 
INSERT INTO FLIGHT_ATTENDANTS VALUES (162, 108, 172, '2014-05-11'); 
INSERT INTO FLIGHT_ATTENDANTS VALUES (163, 79, 51, '2016-07-13'); 
INSERT INTO FLIGHT_ATTENDANTS VALUES (164, 208, 92, '2018-09-03'); 
INSERT INTO FLIGHT_ATTENDANTS VALUES (165, 168, 38, '2019-11-08'); 
INSERT INTO FLIGHT_ATTENDANTS VALUES (166, 74, 186, '2012-02-22'); 
INSERT INTO FLIGHT_ATTENDANTS VALUES (167, 235, 98, '2019-07-07'); 
INSERT INTO FLIGHT_ATTENDANTS VALUES (168, 142, 40, '2011-09-20'); 
INSERT INTO FLIGHT_ATTENDANTS VALUES (169, 95, 45, '2013-12-01'); 
INSERT INTO FLIGHT_ATTENDANTS VALUES (170, 240, 144, '2017-03-18'); 
INSERT INTO FLIGHT_ATTENDANTS VALUES (171, 110, 101, '2012-05-11'); 
INSERT INTO FLIGHT_ATTENDANTS VALUES (172, 267, 102, '2015-01-20'); 
INSERT INTO FLIGHT_ATTENDANTS VALUES (173, 265, 28, '2019-06-27'); 
INSERT INTO FLIGHT_ATTENDANTS VALUES (174, 70, 12, '2013-06-12'); 
INSERT INTO FLIGHT_ATTENDANTS VALUES (175, 123, 166, '2012-09-05'); 
INSERT INTO FLIGHT_ATTENDANTS VALUES (176, 171, 23, '2014-04-08'); 
INSERT INTO FLIGHT_ATTENDANTS VALUES (177, 261, 68, '2015-06-08'); 
INSERT INTO FLIGHT_ATTENDANTS VALUES (178, 256, 111, '2016-02-18'); 
INSERT INTO FLIGHT_ATTENDANTS VALUES (179, 73, 56, '2013-07-17'); 
INSERT INTO FLIGHT_ATTENDANTS VALUES (180, 271, 26, '2017-01-04'); 
INSERT INTO FLIGHT_ATTENDANTS VALUES (181, 136, 20, '2016-11-19'); 
INSERT INTO FLIGHT_ATTENDANTS VALUES (182, 296, 149, '2019-12-17'); 
INSERT INTO FLIGHT_ATTENDANTS VALUES (183, 276, 136, '2010-02-24'); 
INSERT INTO FLIGHT_ATTENDANTS VALUES (184, 50, 150, '2012-03-05'); 
INSERT INTO FLIGHT_ATTENDANTS VALUES (185, 151, 197, '2017-05-22'); 
INSERT INTO FLIGHT_ATTENDANTS VALUES (186, 87, 53, '2011-12-27'); 
INSERT INTO FLIGHT_ATTENDANTS VALUES (187, 144, 103, '2018-07-25'); 
INSERT INTO FLIGHT_ATTENDANTS VALUES (188, 51, 120, '2011-01-28'); 
INSERT INTO FLIGHT_ATTENDANTS VALUES (189, 269, 55, '2012-06-14'); 
INSERT INTO FLIGHT_ATTENDANTS VALUES (190, 90, 92, '2012-12-16'); 
INSERT INTO FLIGHT_ATTENDANTS VALUES (191, 145, 128, '2011-01-11'); 
INSERT INTO FLIGHT_ATTENDANTS VALUES (192, 50, 71, '2014-08-14'); 
INSERT INTO FLIGHT_ATTENDANTS VALUES (193, 275, 11, '2014-09-09'); 
INSERT INTO FLIGHT_ATTENDANTS VALUES (194, 76, 110, '2019-06-09'); 
INSERT INTO FLIGHT_ATTENDANTS VALUES (195, 118, 18, '2017-10-24'); 
INSERT INTO FLIGHT_ATTENDANTS VALUES (196, 112, 124, '2017-05-03'); 
INSERT INTO FLIGHT_ATTENDANTS VALUES (197, 192, 178, '2014-01-25'); 
INSERT INTO FLIGHT_ATTENDANTS VALUES (198, 182, 194, '2017-01-14'); 
INSERT INTO FLIGHT_ATTENDANTS VALUES (199, 153, 189, '2015-06-11'); 
INSERT INTO FLIGHT_ATTENDANTS VALUES (200, 56, 62, '2015-09-22'); 
INSERT INTO FLIGHT_ATTENDANTS VALUES (201, 108, 189, '2012-07-03'); 
INSERT INTO FLIGHT_ATTENDANTS VALUES (202, 266, 56, '2017-06-03'); 
INSERT INTO FLIGHT_ATTENDANTS VALUES (203, 112, 114, '2013-01-04'); 
INSERT INTO FLIGHT_ATTENDANTS VALUES (204, 78, 193, '2014-12-13'); 
INSERT INTO FLIGHT_ATTENDANTS VALUES (205, 7, 11, '2016-05-02'); 
INSERT INTO FLIGHT_ATTENDANTS VALUES (206, 103, 161, '2014-09-20'); 
INSERT INTO FLIGHT_ATTENDANTS VALUES (207, 116, 26, '2018-11-28'); 
INSERT INTO FLIGHT_ATTENDANTS VALUES (208, 214, 81, '2012-01-14'); 
INSERT INTO FLIGHT_ATTENDANTS VALUES (209, 71, 146, '2015-01-14'); 
INSERT INTO FLIGHT_ATTENDANTS VALUES (210, 49, 110, '2017-11-15'); 
INSERT INTO FLIGHT_ATTENDANTS VALUES (211, 163, 141, '2010-02-15'); 
INSERT INTO FLIGHT_ATTENDANTS VALUES (212, 220, 100, '2017-12-17'); 
INSERT INTO FLIGHT_ATTENDANTS VALUES (213, 120, 57, '2014-06-07'); 
INSERT INTO FLIGHT_ATTENDANTS VALUES (214, 78, 161, '2013-11-03'); 
INSERT INTO FLIGHT_ATTENDANTS VALUES (215, 246, 92, '2010-07-24'); 
INSERT INTO FLIGHT_ATTENDANTS VALUES (216, 236, 54, '2014-04-28'); 
INSERT INTO FLIGHT_ATTENDANTS VALUES (217, 245, 59, '2015-05-22'); 
INSERT INTO FLIGHT_ATTENDANTS VALUES (218, 78, 94, '2010-08-27'); 
INSERT INTO FLIGHT_ATTENDANTS VALUES (219, 160, 116, '2010-12-27'); 
INSERT INTO FLIGHT_ATTENDANTS VALUES (220, 179, 52, '2018-05-07'); 
INSERT INTO FLIGHT_ATTENDANTS VALUES (221, 152, 19, '2010-07-22'); 
INSERT INTO FLIGHT_ATTENDANTS VALUES (222, 244, 113, '2016-04-04'); 
INSERT INTO FLIGHT_ATTENDANTS VALUES (223, 32, 61, '2012-12-07'); 
INSERT INTO FLIGHT_ATTENDANTS VALUES (224, 185, 156, '2014-11-05'); 
INSERT INTO FLIGHT_ATTENDANTS VALUES (225, 99, 184, '2011-02-15'); 
INSERT INTO FLIGHT_ATTENDANTS VALUES (226, 130, 78, '2012-03-27'); 
INSERT INTO FLIGHT_ATTENDANTS VALUES (227, 52, 14, '2012-09-18'); 
INSERT INTO FLIGHT_ATTENDANTS VALUES (228, 147, 57, '2018-03-12'); 
INSERT INTO FLIGHT_ATTENDANTS VALUES (229, 105, 12, '2019-03-07'); 
INSERT INTO FLIGHT_ATTENDANTS VALUES (230, 193, 26, '2017-01-19'); 
INSERT INTO FLIGHT_ATTENDANTS VALUES (231, 88, 110, '2014-02-03'); 
INSERT INTO FLIGHT_ATTENDANTS VALUES (232, 170, 165, '2010-06-24'); 
INSERT INTO FLIGHT_ATTENDANTS VALUES (233, 24, 94, '2011-11-10'); 
INSERT INTO FLIGHT_ATTENDANTS VALUES (234, 197, 112, '2018-10-09'); 
INSERT INTO FLIGHT_ATTENDANTS VALUES (235, 175, 61, '2013-06-06'); 
INSERT INTO FLIGHT_ATTENDANTS VALUES (236, 160, 35, '2010-07-17'); 
INSERT INTO FLIGHT_ATTENDANTS VALUES (237, 288, 134, '2017-08-04'); 
INSERT INTO FLIGHT_ATTENDANTS VALUES (238, 67, 7, '2019-08-18'); 
INSERT INTO FLIGHT_ATTENDANTS VALUES (239, 136, 154, '2015-01-28'); 
INSERT INTO FLIGHT_ATTENDANTS VALUES (240, 243, 128, '2014-03-17'); 
INSERT INTO FLIGHT_ATTENDANTS VALUES (241, 147, 95, '2010-07-04'); 
INSERT INTO FLIGHT_ATTENDANTS VALUES (242, 24, 140, '2016-04-13'); 
INSERT INTO FLIGHT_ATTENDANTS VALUES (243, 39, 113, '2010-06-15'); 
INSERT INTO FLIGHT_ATTENDANTS VALUES (244, 180, 155, '2010-08-20'); 
INSERT INTO FLIGHT_ATTENDANTS VALUES (245, 106, 137, '2011-12-04'); 
INSERT INTO FLIGHT_ATTENDANTS VALUES (246, 150, 190, '2015-07-25'); 
INSERT INTO FLIGHT_ATTENDANTS VALUES (247, 273, 189, '2014-02-03'); 
INSERT INTO FLIGHT_ATTENDANTS VALUES (248, 17, 63, '2012-08-28'); 
INSERT INTO FLIGHT_ATTENDANTS VALUES (249, 296, 108, '2014-08-17'); 
INSERT INTO FLIGHT_ATTENDANTS VALUES (250, 285, 14, '2013-02-08'); 
INSERT INTO FLIGHT_ATTENDANTS VALUES (251, 78, 132, '2010-11-11'); 
INSERT INTO FLIGHT_ATTENDANTS VALUES (252, 99, 38, '2015-07-11'); 
INSERT INTO FLIGHT_ATTENDANTS VALUES (253, 298, 128, '2010-03-04'); 
INSERT INTO FLIGHT_ATTENDANTS VALUES (254, 39, 162, '2018-04-08'); 
INSERT INTO FLIGHT_ATTENDANTS VALUES (255, 151, 92, '2013-03-22'); 
INSERT INTO FLIGHT_ATTENDANTS VALUES (256, 94, 21, '2013-09-13'); 
INSERT INTO FLIGHT_ATTENDANTS VALUES (257, 267, 141, '2011-04-06'); 
INSERT INTO FLIGHT_ATTENDANTS VALUES (258, 164, 152, '2018-01-10'); 
INSERT INTO FLIGHT_ATTENDANTS VALUES (259, 222, 142, '2012-07-20'); 
INSERT INTO FLIGHT_ATTENDANTS VALUES (260, 51, 165, '2017-06-17'); 
INSERT INTO FLIGHT_ATTENDANTS VALUES (261, 159, 172, '2015-11-21'); 
INSERT INTO FLIGHT_ATTENDANTS VALUES (262, 157, 101, '2017-01-21'); 
INSERT INTO FLIGHT_ATTENDANTS VALUES (263, 86, 148, '2010-02-11'); 
INSERT INTO FLIGHT_ATTENDANTS VALUES (264, 14, 81, '2012-01-17'); 
INSERT INTO FLIGHT_ATTENDANTS VALUES (265, 83, 148, '2019-02-02'); 
INSERT INTO FLIGHT_ATTENDANTS VALUES (266, 10, 49, '2017-12-28'); 
INSERT INTO FLIGHT_ATTENDANTS VALUES (267, 125, 140, '2017-02-09'); 
INSERT INTO FLIGHT_ATTENDANTS VALUES (268, 31, 54, '2014-09-11'); 
INSERT INTO FLIGHT_ATTENDANTS VALUES (269, 138, 121, '2015-03-03'); 
INSERT INTO FLIGHT_ATTENDANTS VALUES (270, 149, 111, '2012-10-03'); 
INSERT INTO FLIGHT_ATTENDANTS VALUES (271, 106, 162, '2018-09-09'); 
INSERT INTO FLIGHT_ATTENDANTS VALUES (272, 242, 12, '2018-09-09'); 
INSERT INTO FLIGHT_ATTENDANTS VALUES (273, 272, 180, '2017-07-02'); 
INSERT INTO FLIGHT_ATTENDANTS VALUES (274, 146, 162, '2016-07-22'); 
INSERT INTO FLIGHT_ATTENDANTS VALUES (275, 3, 68, '2013-07-18'); 
INSERT INTO FLIGHT_ATTENDANTS VALUES (276, 14, 51, '2019-04-13'); 
INSERT INTO FLIGHT_ATTENDANTS VALUES (277, 185, 85, '2016-02-21'); 
INSERT INTO FLIGHT_ATTENDANTS VALUES (278, 178, 109, '2019-01-17'); 
INSERT INTO FLIGHT_ATTENDANTS VALUES (279, 157, 57, '2017-01-19'); 
INSERT INTO FLIGHT_ATTENDANTS VALUES (280, 126, 63, '2019-04-15'); 
INSERT INTO FLIGHT_ATTENDANTS VALUES (281, 27, 169, '2019-11-04'); 
INSERT INTO FLIGHT_ATTENDANTS VALUES (282, 28, 18, '2011-04-07'); 
INSERT INTO FLIGHT_ATTENDANTS VALUES (283, 92, 54, '2017-11-03'); 
INSERT INTO FLIGHT_ATTENDANTS VALUES (284, 222, 119, '2011-05-17'); 
INSERT INTO FLIGHT_ATTENDANTS VALUES (285, 293, 181, '2018-03-24'); 
INSERT INTO FLIGHT_ATTENDANTS VALUES (286, 136, 98, '2014-04-20'); 
INSERT INTO FLIGHT_ATTENDANTS VALUES (287, 155, 167, '2014-08-23'); 
INSERT INTO FLIGHT_ATTENDANTS VALUES (288, 235, 192, '2014-11-02'); 
INSERT INTO FLIGHT_ATTENDANTS VALUES (289, 10, 101, '2016-04-18'); 
INSERT INTO FLIGHT_ATTENDANTS VALUES (290, 32, 68, '2016-08-05'); 
INSERT INTO FLIGHT_ATTENDANTS VALUES (291, 214, 143, '2011-06-08'); 
INSERT INTO FLIGHT_ATTENDANTS VALUES (292, 275, 160, '2019-06-04'); 
INSERT INTO FLIGHT_ATTENDANTS VALUES (293, 0, 25, '2014-05-07'); 
INSERT INTO FLIGHT_ATTENDANTS VALUES (294, 31, 143, '2013-03-12'); 
INSERT INTO FLIGHT_ATTENDANTS VALUES (295, 271, 186, '2018-05-23'); 
INSERT INTO FLIGHT_ATTENDANTS VALUES (296, 14, 51, '2012-03-05'); 
INSERT INTO FLIGHT_ATTENDANTS VALUES (297, 116, 15, '2014-12-05'); 
INSERT INTO FLIGHT_ATTENDANTS VALUES (298, 110, 169, '2012-04-23'); 
INSERT INTO FLIGHT_ATTENDANTS VALUES (299, 125, 80, '2019-09-24'); 
INSERT INTO FLIGHT_ATTENDANTS VALUES (300, 78, 144, '2014-08-16'); 
INSERT INTO FLIGHT_ATTENDANTS VALUES (301, 163, 75, '2011-02-07'); 
INSERT INTO FLIGHT_ATTENDANTS VALUES (302, 282, 189, '2011-09-05'); 
INSERT INTO FLIGHT_ATTENDANTS VALUES (303, 145, 133, '2012-08-23'); 
INSERT INTO FLIGHT_ATTENDANTS VALUES (304, 296, 111, '2016-01-10'); 
INSERT INTO FLIGHT_ATTENDANTS VALUES (305, 42, 68, '2018-08-19'); 
INSERT INTO FLIGHT_ATTENDANTS VALUES (306, 65, 38, '2019-06-13'); 
INSERT INTO FLIGHT_ATTENDANTS VALUES (307, 281, 27, '2010-08-28'); 
INSERT INTO FLIGHT_ATTENDANTS VALUES (308, 185, 100, '2019-09-10'); 
INSERT INTO FLIGHT_ATTENDANTS VALUES (309, 216, 116, '2019-11-13'); 
INSERT INTO FLIGHT_ATTENDANTS VALUES (310, 117, 6, '2016-02-11'); 
INSERT INTO FLIGHT_ATTENDANTS VALUES (311, 0, 197, '2013-07-21'); 
INSERT INTO FLIGHT_ATTENDANTS VALUES (312, 16, 48, '2019-10-19'); 
INSERT INTO FLIGHT_ATTENDANTS VALUES (313, 21, 84, '2017-01-12'); 
INSERT INTO FLIGHT_ATTENDANTS VALUES (314, 186, 24, '2019-10-25'); 
INSERT INTO FLIGHT_ATTENDANTS VALUES (315, 222, 54, '2019-03-05'); 
INSERT INTO FLIGHT_ATTENDANTS VALUES (316, 181, 185, '2017-06-25'); 
INSERT INTO FLIGHT_ATTENDANTS VALUES (317, 216, 83, '2015-01-14'); 
INSERT INTO FLIGHT_ATTENDANTS VALUES (318, 284, 22, '2016-04-04'); 
INSERT INTO FLIGHT_ATTENDANTS VALUES (319, 66, 142, '2013-02-03'); 
INSERT INTO FLIGHT_ATTENDANTS VALUES (320, 192, 158, '2012-10-23'); 
INSERT INTO FLIGHT_ATTENDANTS VALUES (321, 142, 127, '2014-03-14'); 
INSERT INTO FLIGHT_ATTENDANTS VALUES (322, 180, 104, '2012-06-05'); 
INSERT INTO FLIGHT_ATTENDANTS VALUES (323, 92, 139, '2011-06-23'); 
INSERT INTO FLIGHT_ATTENDANTS VALUES (324, 265, 50, '2016-05-22'); 
INSERT INTO FLIGHT_ATTENDANTS VALUES (325, 84, 88, '2013-01-17'); 
INSERT INTO FLIGHT_ATTENDANTS VALUES (326, 75, 128, '2017-01-11'); 
INSERT INTO FLIGHT_ATTENDANTS VALUES (327, 65, 135, '2019-12-01'); 
INSERT INTO FLIGHT_ATTENDANTS VALUES (328, 56, 59, '2011-07-22'); 
INSERT INTO FLIGHT_ATTENDANTS VALUES (329, 133, 8, '2010-11-27'); 
INSERT INTO FLIGHT_ATTENDANTS VALUES (330, 167, 173, '2010-02-13'); 
INSERT INTO FLIGHT_ATTENDANTS VALUES (331, 181, 148, '2018-08-09'); 
INSERT INTO FLIGHT_ATTENDANTS VALUES (332, 206, 189, '2017-07-21'); 
INSERT INTO FLIGHT_ATTENDANTS VALUES (333, 179, 78, '2018-07-01'); 
INSERT INTO FLIGHT_ATTENDANTS VALUES (334, 11, 117, '2011-04-24'); 
INSERT INTO FLIGHT_ATTENDANTS VALUES (335, 8, 148, '2015-03-19'); 
INSERT INTO FLIGHT_ATTENDANTS VALUES (336, 13, 55, '2018-12-04'); 
INSERT INTO FLIGHT_ATTENDANTS VALUES (337, 131, 139, '2012-08-15'); 
INSERT INTO FLIGHT_ATTENDANTS VALUES (338, 286, 67, '2011-12-06'); 
INSERT INTO FLIGHT_ATTENDANTS VALUES (339, 43, 7, '2018-02-06'); 
INSERT INTO FLIGHT_ATTENDANTS VALUES (340, 162, 171, '2017-05-09'); 
INSERT INTO FLIGHT_ATTENDANTS VALUES (341, 102, 23, '2018-01-12'); 
INSERT INTO FLIGHT_ATTENDANTS VALUES (342, 120, 195, '2014-08-02'); 
INSERT INTO FLIGHT_ATTENDANTS VALUES (343, 233, 180, '2012-05-16'); 
INSERT INTO FLIGHT_ATTENDANTS VALUES (344, 227, 135, '2013-04-26'); 
INSERT INTO FLIGHT_ATTENDANTS VALUES (345, 246, 12, '2015-09-27'); 
INSERT INTO FLIGHT_ATTENDANTS VALUES (346, 124, 93, '2013-05-18'); 
INSERT INTO FLIGHT_ATTENDANTS VALUES (347, 198, 167, '2017-09-01'); 
INSERT INTO FLIGHT_ATTENDANTS VALUES (348, 245, 179, '2017-07-21'); 
INSERT INTO FLIGHT_ATTENDANTS VALUES (349, 239, 10, '2016-08-20'); 
INSERT INTO FLIGHT_ATTENDANTS VALUES (350, 144, 76, '2015-02-23'); 
INSERT INTO FLIGHT_ATTENDANTS VALUES (351, 96, 17, '2015-01-10'); 
INSERT INTO FLIGHT_ATTENDANTS VALUES (352, 246, 10, '2011-07-13'); 
INSERT INTO FLIGHT_ATTENDANTS VALUES (353, 50, 102, '2014-05-11'); 
INSERT INTO FLIGHT_ATTENDANTS VALUES (354, 195, 122, '2018-05-06'); 
INSERT INTO FLIGHT_ATTENDANTS VALUES (355, 287, 103, '2018-08-17'); 
INSERT INTO FLIGHT_ATTENDANTS VALUES (356, 221, 86, '2012-01-02'); 
INSERT INTO FLIGHT_ATTENDANTS VALUES (357, 210, 147, '2012-08-06'); 
INSERT INTO FLIGHT_ATTENDANTS VALUES (358, 240, 102, '2012-04-26'); 
INSERT INTO FLIGHT_ATTENDANTS VALUES (359, 75, 146, '2010-09-25'); 
INSERT INTO FLIGHT_ATTENDANTS VALUES (360, 238, 150, '2018-02-26'); 
INSERT INTO FLIGHT_ATTENDANTS VALUES (361, 115, 190, '2017-01-01'); 
INSERT INTO FLIGHT_ATTENDANTS VALUES (362, 224, 152, '2015-06-04'); 
INSERT INTO FLIGHT_ATTENDANTS VALUES (363, 129, 126, '2017-09-13'); 
INSERT INTO FLIGHT_ATTENDANTS VALUES (364, 262, 152, '2014-04-19'); 
INSERT INTO FLIGHT_ATTENDANTS VALUES (365, 267, 195, '2011-01-16'); 
INSERT INTO FLIGHT_ATTENDANTS VALUES (366, 53, 40, '2019-08-24'); 
INSERT INTO FLIGHT_ATTENDANTS VALUES (367, 241, 6, '2011-04-13'); 
INSERT INTO FLIGHT_ATTENDANTS VALUES (368, 196, 139, '2012-08-13'); 
INSERT INTO FLIGHT_ATTENDANTS VALUES (369, 151, 36, '2013-10-20'); 
INSERT INTO FLIGHT_ATTENDANTS VALUES (370, 250, 122, '2014-06-22'); 
INSERT INTO FLIGHT_ATTENDANTS VALUES (371, 177, 189, '2016-04-25'); 
INSERT INTO FLIGHT_ATTENDANTS VALUES (372, 145, 150, '2019-11-05'); 
INSERT INTO FLIGHT_ATTENDANTS VALUES (373, 36, 173, '2012-11-24'); 
INSERT INTO FLIGHT_ATTENDANTS VALUES (374, 4, 56, '2013-12-01'); 
INSERT INTO FLIGHT_ATTENDANTS VALUES (375, 93, 42, '2018-12-18'); 
INSERT INTO FLIGHT_ATTENDANTS VALUES (376, 60, 4, '2017-11-09'); 
INSERT INTO FLIGHT_ATTENDANTS VALUES (377, 204, 170, '2017-01-28'); 
INSERT INTO FLIGHT_ATTENDANTS VALUES (378, 26, 2, '2018-09-06'); 
INSERT INTO FLIGHT_ATTENDANTS VALUES (379, 77, 174, '2015-08-08'); 
INSERT INTO FLIGHT_ATTENDANTS VALUES (380, 56, 29, '2010-06-16'); 
INSERT INTO FLIGHT_ATTENDANTS VALUES (381, 103, 49, '2015-11-08'); 
INSERT INTO FLIGHT_ATTENDANTS VALUES (382, 205, 100, '2013-06-22'); 
INSERT INTO FLIGHT_ATTENDANTS VALUES (383, 128, 50, '2017-04-23'); 
INSERT INTO FLIGHT_ATTENDANTS VALUES (384, 290, 106, '2011-02-14'); 
INSERT INTO FLIGHT_ATTENDANTS VALUES (385, 76, 197, '2016-11-11'); 
INSERT INTO FLIGHT_ATTENDANTS VALUES (386, 251, 178, '2015-07-26'); 
INSERT INTO FLIGHT_ATTENDANTS VALUES (387, 119, 109, '2015-05-26'); 
INSERT INTO FLIGHT_ATTENDANTS VALUES (388, 265, 97, '2015-06-23'); 
INSERT INTO FLIGHT_ATTENDANTS VALUES (389, 189, 122, '2017-04-04'); 
INSERT INTO FLIGHT_ATTENDANTS VALUES (390, 105, 94, '2016-01-14'); 
INSERT INTO FLIGHT_ATTENDANTS VALUES (391, 76, 26, '2019-06-04'); 
INSERT INTO FLIGHT_ATTENDANTS VALUES (392, 243, 66, '2014-06-04'); 
INSERT INTO FLIGHT_ATTENDANTS VALUES (393, 163, 98, '2016-07-05'); 
INSERT INTO FLIGHT_ATTENDANTS VALUES (394, 105, 100, '2017-11-07'); 
INSERT INTO FLIGHT_ATTENDANTS VALUES (395, 22, 56, '2014-06-05'); 
INSERT INTO FLIGHT_ATTENDANTS VALUES (396, 274, 173, '2011-09-14'); 
INSERT INTO FLIGHT_ATTENDANTS VALUES (397, 35, 122, '2014-07-18'); 
INSERT INTO FLIGHT_ATTENDANTS VALUES (398, 69, 28, '2013-10-28'); 
INSERT INTO FLIGHT_ATTENDANTS VALUES (399, 134, 169, '2018-01-04'); 
INSERT INTO FLIGHT_ATTENDANTS VALUES (400, 83, 190, '2019-05-20'); 
INSERT INTO FLIGHT_ATTENDANTS VALUES (401, 59, 64, '2017-08-20'); 
INSERT INTO FLIGHT_ATTENDANTS VALUES (402, 183, 170, '2015-05-01'); 
INSERT INTO FLIGHT_ATTENDANTS VALUES (403, 188, 0, '2016-03-07'); 
INSERT INTO FLIGHT_ATTENDANTS VALUES (404, 171, 187, '2014-02-27'); 
INSERT INTO FLIGHT_ATTENDANTS VALUES (405, 65, 40, '2019-05-05'); 
INSERT INTO FLIGHT_ATTENDANTS VALUES (406, 183, 22, '2018-07-26'); 
INSERT INTO FLIGHT_ATTENDANTS VALUES (407, 90, 169, '2014-07-21'); 
INSERT INTO FLIGHT_ATTENDANTS VALUES (408, 39, 189, '2016-09-14'); 
INSERT INTO FLIGHT_ATTENDANTS VALUES (409, 285, 132, '2014-02-13'); 
INSERT INTO FLIGHT_ATTENDANTS VALUES (410, 234, 1, '2015-10-02'); 
INSERT INTO FLIGHT_ATTENDANTS VALUES (411, 120, 160, '2012-02-24'); 
INSERT INTO FLIGHT_ATTENDANTS VALUES (412, 224, 109, '2013-06-02'); 
INSERT INTO FLIGHT_ATTENDANTS VALUES (413, 292, 107, '2012-06-05'); 
INSERT INTO FLIGHT_ATTENDANTS VALUES (414, 16, 146, '2011-09-10'); 
INSERT INTO FLIGHT_ATTENDANTS VALUES (415, 47, 164, '2011-02-06'); 
INSERT INTO FLIGHT_ATTENDANTS VALUES (416, 7, 129, '2018-10-19'); 
INSERT INTO FLIGHT_ATTENDANTS VALUES (417, 258, 149, '2018-10-11'); 
INSERT INTO FLIGHT_ATTENDANTS VALUES (418, 69, 149, '2011-11-22'); 
INSERT INTO FLIGHT_ATTENDANTS VALUES (419, 79, 112, '2010-01-22'); 
INSERT INTO FLIGHT_ATTENDANTS VALUES (420, 98, 31, '2015-01-22'); 
INSERT INTO FLIGHT_ATTENDANTS VALUES (421, 188, 129, '2013-04-17'); 
INSERT INTO FLIGHT_ATTENDANTS VALUES (422, 112, 87, '2015-05-24'); 
INSERT INTO FLIGHT_ATTENDANTS VALUES (423, 261, 75, '2012-06-01'); 
INSERT INTO FLIGHT_ATTENDANTS VALUES (424, 218, 160, '2015-05-04'); 
INSERT INTO FLIGHT_ATTENDANTS VALUES (425, 32, 105, '2015-08-12'); 
INSERT INTO FLIGHT_ATTENDANTS VALUES (426, 277, 21, '2011-09-09'); 
INSERT INTO FLIGHT_ATTENDANTS VALUES (427, 167, 18, '2012-12-23'); 
INSERT INTO FLIGHT_ATTENDANTS VALUES (428, 161, 182, '2013-06-26'); 
INSERT INTO FLIGHT_ATTENDANTS VALUES (429, 117, 105, '2016-10-06'); 
INSERT INTO FLIGHT_ATTENDANTS VALUES (430, 232, 13, '2015-02-23'); 
INSERT INTO FLIGHT_ATTENDANTS VALUES (431, 288, 97, '2017-11-16'); 
INSERT INTO FLIGHT_ATTENDANTS VALUES (432, 35, 131, '2010-12-09'); 
INSERT INTO FLIGHT_ATTENDANTS VALUES (433, 123, 66, '2018-11-01'); 
INSERT INTO FLIGHT_ATTENDANTS VALUES (434, 230, 4, '2019-09-25'); 
INSERT INTO FLIGHT_ATTENDANTS VALUES (435, 213, 73, '2019-01-01'); 
INSERT INTO FLIGHT_ATTENDANTS VALUES (436, 241, 184, '2014-12-24'); 
INSERT INTO FLIGHT_ATTENDANTS VALUES (437, 36, 196, '2016-05-01'); 
INSERT INTO FLIGHT_ATTENDANTS VALUES (438, 151, 27, '2019-10-01'); 
INSERT INTO FLIGHT_ATTENDANTS VALUES (439, 22, 116, '2019-01-14'); 
INSERT INTO FLIGHT_ATTENDANTS VALUES (440, 160, 199, '2019-06-28'); 
INSERT INTO FLIGHT_ATTENDANTS VALUES (441, 79, 188, '2011-07-10'); 
INSERT INTO FLIGHT_ATTENDANTS VALUES (442, 198, 188, '2012-10-07'); 
INSERT INTO FLIGHT_ATTENDANTS VALUES (443, 211, 53, '2017-09-09'); 
INSERT INTO FLIGHT_ATTENDANTS VALUES (444, 123, 165, '2017-02-03'); 
INSERT INTO FLIGHT_ATTENDANTS VALUES (445, 258, 140, '2011-01-04'); 
INSERT INTO FLIGHT_ATTENDANTS VALUES (446, 34, 127, '2011-01-02'); 
INSERT INTO FLIGHT_ATTENDANTS VALUES (447, 186, 147, '2014-06-10'); 
INSERT INTO FLIGHT_ATTENDANTS VALUES (448, 1, 57, '2015-06-04'); 
INSERT INTO FLIGHT_ATTENDANTS VALUES (449, 281, 152, '2015-08-01'); 
INSERT INTO FLIGHT_ATTENDANTS VALUES (450, 111, 189, '2017-06-28'); 
INSERT INTO FLIGHT_ATTENDANTS VALUES (451, 30, 159, '2013-07-11'); 
INSERT INTO FLIGHT_ATTENDANTS VALUES (452, 101, 157, '2014-02-06'); 
INSERT INTO FLIGHT_ATTENDANTS VALUES (453, 35, 165, '2014-07-27'); 
INSERT INTO FLIGHT_ATTENDANTS VALUES (454, 150, 15, '2016-09-28'); 
INSERT INTO FLIGHT_ATTENDANTS VALUES (455, 94, 143, '2014-01-20'); 
INSERT INTO FLIGHT_ATTENDANTS VALUES (456, 295, 174, '2013-03-18'); 
INSERT INTO FLIGHT_ATTENDANTS VALUES (457, 146, 157, '2019-10-16'); 
INSERT INTO FLIGHT_ATTENDANTS VALUES (458, 7, 113, '2018-08-08'); 
INSERT INTO FLIGHT_ATTENDANTS VALUES (459, 56, 82, '2014-05-01'); 
INSERT INTO FLIGHT_ATTENDANTS VALUES (460, 55, 131, '2011-08-13'); 
INSERT INTO FLIGHT_ATTENDANTS VALUES (461, 226, 5, '2018-12-22'); 
INSERT INTO FLIGHT_ATTENDANTS VALUES (462, 29, 187, '2010-04-21'); 
INSERT INTO FLIGHT_ATTENDANTS VALUES (463, 76, 199, '2017-01-04'); 
INSERT INTO FLIGHT_ATTENDANTS VALUES (464, 41, 8, '2016-10-08'); 
INSERT INTO FLIGHT_ATTENDANTS VALUES (465, 85, 74, '2016-05-26'); 
INSERT INTO FLIGHT_ATTENDANTS VALUES (466, 32, 131, '2017-04-01'); 
INSERT INTO FLIGHT_ATTENDANTS VALUES (467, 34, 134, '2017-01-28'); 
INSERT INTO FLIGHT_ATTENDANTS VALUES (468, 267, 58, '2013-08-15'); 
INSERT INTO FLIGHT_ATTENDANTS VALUES (469, 108, 176, '2017-11-09'); 
INSERT INTO FLIGHT_ATTENDANTS VALUES (470, 237, 179, '2016-11-11'); 
INSERT INTO FLIGHT_ATTENDANTS VALUES (471, 87, 9, '2019-06-06'); 
INSERT INTO FLIGHT_ATTENDANTS VALUES (472, 150, 126, '2014-02-17'); 
INSERT INTO FLIGHT_ATTENDANTS VALUES (473, 6, 120, '2012-12-09'); 
INSERT INTO FLIGHT_ATTENDANTS VALUES (474, 52, 33, '2016-10-07'); 
INSERT INTO FLIGHT_ATTENDANTS VALUES (475, 79, 27, '2010-04-17'); 
INSERT INTO FLIGHT_ATTENDANTS VALUES (476, 144, 187, '2019-09-18'); 
INSERT INTO FLIGHT_ATTENDANTS VALUES (477, 167, 103, '2011-04-04'); 
INSERT INTO FLIGHT_ATTENDANTS VALUES (478, 98, 101, '2014-04-04'); 
INSERT INTO FLIGHT_ATTENDANTS VALUES (479, 6, 116, '2018-12-07'); 
INSERT INTO FLIGHT_ATTENDANTS VALUES (480, 228, 157, '2011-07-10'); 
INSERT INTO FLIGHT_ATTENDANTS VALUES (481, 66, 73, '2010-08-10'); 
INSERT INTO FLIGHT_ATTENDANTS VALUES (482, 198, 98, '2012-05-07'); 
INSERT INTO FLIGHT_ATTENDANTS VALUES (483, 279, 192, '2014-01-23'); 
INSERT INTO FLIGHT_ATTENDANTS VALUES (484, 209, 90, '2013-08-11'); 
INSERT INTO FLIGHT_ATTENDANTS VALUES (485, 194, 38, '2018-07-20'); 
INSERT INTO FLIGHT_ATTENDANTS VALUES (486, 221, 83, '2011-11-19'); 
INSERT INTO FLIGHT_ATTENDANTS VALUES (487, 193, 9, '2019-12-08'); 
INSERT INTO FLIGHT_ATTENDANTS VALUES (488, 123, 1, '2017-09-01'); 
INSERT INTO FLIGHT_ATTENDANTS VALUES (489, 16, 171, '2012-01-19'); 
INSERT INTO FLIGHT_ATTENDANTS VALUES (490, 271, 165, '2019-12-20'); 
INSERT INTO FLIGHT_ATTENDANTS VALUES (491, 270, 135, '2010-08-21'); 
INSERT INTO FLIGHT_ATTENDANTS VALUES (492, 241, 57, '2015-11-12'); 
INSERT INTO FLIGHT_ATTENDANTS VALUES (493, 157, 41, '2016-06-22'); 
INSERT INTO FLIGHT_ATTENDANTS VALUES (494, 120, 154, '2013-07-17'); 
INSERT INTO FLIGHT_ATTENDANTS VALUES (495, 231, 42, '2012-05-19'); 
INSERT INTO FLIGHT_ATTENDANTS VALUES (496, 215, 43, '2018-02-12'); 
INSERT INTO FLIGHT_ATTENDANTS VALUES (497, 188, 23, '2013-01-28'); 
INSERT INTO FLIGHT_ATTENDANTS VALUES (498, 177, 193, '2015-10-19'); 
INSERT INTO FLIGHT_ATTENDANTS VALUES (499, 227, 92, '2019-04-07'); 
INSERT INTO FLIGHT_ATTENDANTS VALUES (500, 251, 197, '2017-08-20'); 
INSERT INTO FLIGHT_ATTENDANTS VALUES (501, 254, 28, '2012-10-05'); 
INSERT INTO FLIGHT_ATTENDANTS VALUES (502, 242, 71, '2019-04-07'); 
INSERT INTO FLIGHT_ATTENDANTS VALUES (503, 147, 73, '2010-12-22'); 
INSERT INTO FLIGHT_ATTENDANTS VALUES (504, 296, 153, '2011-05-13'); 
INSERT INTO FLIGHT_ATTENDANTS VALUES (505, 186, 47, '2016-12-06'); 
INSERT INTO FLIGHT_ATTENDANTS VALUES (506, 241, 70, '2011-01-05'); 
INSERT INTO FLIGHT_ATTENDANTS VALUES (507, 132, 19, '2010-10-23'); 
INSERT INTO FLIGHT_ATTENDANTS VALUES (508, 219, 142, '2011-08-12'); 
INSERT INTO FLIGHT_ATTENDANTS VALUES (509, 258, 41, '2014-08-05'); 
INSERT INTO FLIGHT_ATTENDANTS VALUES (510, 258, 87, '2012-02-09'); 
INSERT INTO FLIGHT_ATTENDANTS VALUES (511, 276, 54, '2018-10-11'); 
INSERT INTO FLIGHT_ATTENDANTS VALUES (512, 92, 9, '2018-10-23'); 
INSERT INTO FLIGHT_ATTENDANTS VALUES (513, 129, 15, '2019-07-03'); 
INSERT INTO FLIGHT_ATTENDANTS VALUES (514, 194, 77, '2010-05-05'); 
INSERT INTO FLIGHT_ATTENDANTS VALUES (515, 120, 3, '2015-07-10'); 
INSERT INTO FLIGHT_ATTENDANTS VALUES (516, 89, 49, '2017-11-20'); 
INSERT INTO FLIGHT_ATTENDANTS VALUES (517, 267, 67, '2018-02-26'); 
INSERT INTO FLIGHT_ATTENDANTS VALUES (518, 178, 52, '2014-09-17'); 
INSERT INTO FLIGHT_ATTENDANTS VALUES (519, 280, 20, '2015-10-25'); 
INSERT INTO FLIGHT_ATTENDANTS VALUES (520, 212, 65, '2011-08-10'); 
INSERT INTO FLIGHT_ATTENDANTS VALUES (521, 292, 139, '2014-11-19'); 
INSERT INTO FLIGHT_ATTENDANTS VALUES (522, 178, 43, '2014-09-21'); 
INSERT INTO FLIGHT_ATTENDANTS VALUES (523, 125, 128, '2014-08-27'); 
INSERT INTO FLIGHT_ATTENDANTS VALUES (524, 102, 184, '2017-08-03'); 
INSERT INTO FLIGHT_ATTENDANTS VALUES (525, 110, 26, '2016-08-18'); 
INSERT INTO FLIGHT_ATTENDANTS VALUES (526, 260, 165, '2014-12-25'); 
INSERT INTO FLIGHT_ATTENDANTS VALUES (527, 30, 63, '2015-08-07'); 
INSERT INTO FLIGHT_ATTENDANTS VALUES (528, 221, 146, '2017-09-18'); 
INSERT INTO FLIGHT_ATTENDANTS VALUES (529, 25, 45, '2011-10-17'); 
INSERT INTO FLIGHT_ATTENDANTS VALUES (530, 164, 20, '2018-09-16'); 
INSERT INTO FLIGHT_ATTENDANTS VALUES (531, 263, 8, '2017-09-23'); 
INSERT INTO FLIGHT_ATTENDANTS VALUES (532, 78, 103, '2017-06-12'); 
INSERT INTO FLIGHT_ATTENDANTS VALUES (533, 80, 102, '2018-05-15'); 
INSERT INTO FLIGHT_ATTENDANTS VALUES (534, 203, 187, '2017-04-02'); 
INSERT INTO FLIGHT_ATTENDANTS VALUES (535, 132, 174, '2011-12-08'); 
INSERT INTO FLIGHT_ATTENDANTS VALUES (536, 84, 8, '2013-10-14'); 
INSERT INTO FLIGHT_ATTENDANTS VALUES (537, 78, 18, '2017-01-10'); 
INSERT INTO FLIGHT_ATTENDANTS VALUES (538, 260, 2, '2011-01-28'); 
INSERT INTO FLIGHT_ATTENDANTS VALUES (539, 264, 59, '2019-08-01'); 
INSERT INTO FLIGHT_ATTENDANTS VALUES (540, 282, 187, '2017-06-19'); 
INSERT INTO FLIGHT_ATTENDANTS VALUES (541, 11, 174, '2011-02-28'); 
INSERT INTO FLIGHT_ATTENDANTS VALUES (542, 191, 96, '2018-07-12'); 
INSERT INTO FLIGHT_ATTENDANTS VALUES (543, 42, 105, '2017-08-06'); 
INSERT INTO FLIGHT_ATTENDANTS VALUES (544, 191, 116, '2012-12-16'); 
INSERT INTO FLIGHT_ATTENDANTS VALUES (545, 120, 32, '2011-12-19'); 
INSERT INTO FLIGHT_ATTENDANTS VALUES (546, 176, 84, '2017-05-04'); 
INSERT INTO FLIGHT_ATTENDANTS VALUES (547, 138, 152, '2014-04-25'); 
INSERT INTO FLIGHT_ATTENDANTS VALUES (548, 84, 0, '2012-09-17'); 
INSERT INTO FLIGHT_ATTENDANTS VALUES (549, 39, 183, '2018-12-27'); 
INSERT INTO FLIGHT_ATTENDANTS VALUES (550, 54, 91, '2019-03-01'); 
INSERT INTO FLIGHT_ATTENDANTS VALUES (551, 274, 179, '2019-08-14'); 
INSERT INTO FLIGHT_ATTENDANTS VALUES (552, 198, 154, '2017-05-24'); 
INSERT INTO FLIGHT_ATTENDANTS VALUES (553, 71, 22, '2015-05-02'); 
INSERT INTO FLIGHT_ATTENDANTS VALUES (554, 101, 14, '2015-10-11'); 
INSERT INTO FLIGHT_ATTENDANTS VALUES (555, 53, 7, '2015-11-19'); 
INSERT INTO FLIGHT_ATTENDANTS VALUES (556, 50, 196, '2011-04-24'); 
INSERT INTO FLIGHT_ATTENDANTS VALUES (557, 294, 187, '2016-12-13'); 
INSERT INTO FLIGHT_ATTENDANTS VALUES (558, 296, 198, '2013-10-06'); 
INSERT INTO FLIGHT_ATTENDANTS VALUES (559, 71, 20, '2018-06-18'); 
INSERT INTO FLIGHT_ATTENDANTS VALUES (560, 56, 139, '2011-10-05'); 
INSERT INTO FLIGHT_ATTENDANTS VALUES (561, 146, 21, '2010-10-10'); 
INSERT INTO FLIGHT_ATTENDANTS VALUES (562, 19, 173, '2014-04-09'); 
INSERT INTO FLIGHT_ATTENDANTS VALUES (563, 9, 90, '2015-09-16'); 
INSERT INTO FLIGHT_ATTENDANTS VALUES (564, 135, 198, '2011-07-07'); 
INSERT INTO FLIGHT_ATTENDANTS VALUES (565, 128, 63, '2012-02-11'); 
INSERT INTO FLIGHT_ATTENDANTS VALUES (566, 176, 9, '2011-09-02'); 
INSERT INTO FLIGHT_ATTENDANTS VALUES (567, 232, 92, '2018-05-06'); 
INSERT INTO FLIGHT_ATTENDANTS VALUES (568, 173, 133, '2017-05-19'); 
INSERT INTO FLIGHT_ATTENDANTS VALUES (569, 278, 189, '2019-04-12'); 
INSERT INTO FLIGHT_ATTENDANTS VALUES (570, 83, 4, '2016-10-16'); 
INSERT INTO FLIGHT_ATTENDANTS VALUES (571, 105, 186, '2015-08-05'); 
INSERT INTO FLIGHT_ATTENDANTS VALUES (572, 141, 164, '2015-07-22'); 
INSERT INTO FLIGHT_ATTENDANTS VALUES (573, 239, 69, '2012-01-04'); 
INSERT INTO FLIGHT_ATTENDANTS VALUES (574, 111, 74, '2013-01-04'); 
INSERT INTO FLIGHT_ATTENDANTS VALUES (575, 245, 135, '2011-06-16'); 
INSERT INTO FLIGHT_ATTENDANTS VALUES (576, 154, 159, '2017-02-03'); 
INSERT INTO FLIGHT_ATTENDANTS VALUES (577, 109, 192, '2014-07-11'); 
INSERT INTO FLIGHT_ATTENDANTS VALUES (578, 285, 181, '2012-04-06'); 
INSERT INTO FLIGHT_ATTENDANTS VALUES (579, 33, 197, '2017-08-24'); 
INSERT INTO FLIGHT_ATTENDANTS VALUES (580, 242, 25, '2010-06-23'); 
INSERT INTO FLIGHT_ATTENDANTS VALUES (581, 90, 57, '2013-02-24'); 
INSERT INTO FLIGHT_ATTENDANTS VALUES (582, 18, 133, '2019-08-11'); 
INSERT INTO FLIGHT_ATTENDANTS VALUES (583, 29, 19, '2017-05-25'); 
INSERT INTO FLIGHT_ATTENDANTS VALUES (584, 7, 112, '2017-03-21'); 
INSERT INTO FLIGHT_ATTENDANTS VALUES (585, 58, 65, '2012-11-25'); 
INSERT INTO FLIGHT_ATTENDANTS VALUES (586, 257, 187, '2010-06-16'); 
INSERT INTO FLIGHT_ATTENDANTS VALUES (587, 290, 138, '2010-11-14'); 
INSERT INTO FLIGHT_ATTENDANTS VALUES (588, 240, 28, '2017-10-11'); 
INSERT INTO FLIGHT_ATTENDANTS VALUES (589, 42, 37, '2016-11-20'); 
INSERT INTO FLIGHT_ATTENDANTS VALUES (590, 117, 91, '2019-05-18'); 
INSERT INTO FLIGHT_ATTENDANTS VALUES (591, 252, 3, '2017-06-21'); 
INSERT INTO FLIGHT_ATTENDANTS VALUES (592, 10, 79, '2013-02-22'); 
INSERT INTO FLIGHT_ATTENDANTS VALUES (593, 51, 186, '2019-09-15'); 
INSERT INTO FLIGHT_ATTENDANTS VALUES (594, 106, 96, '2011-03-19'); 
INSERT INTO FLIGHT_ATTENDANTS VALUES (595, 218, 174, '2016-08-20'); 
INSERT INTO FLIGHT_ATTENDANTS VALUES (596, 8, 56, '2016-07-25'); 
INSERT INTO FLIGHT_ATTENDANTS VALUES (597, 158, 145, '2013-06-07'); 
INSERT INTO FLIGHT_ATTENDANTS VALUES (598, 213, 68, '2017-03-17'); 
INSERT INTO FLIGHT_ATTENDANTS VALUES (599, 264, 31, '2019-04-20'); 
INSERT INTO FLIGHT_ATTENDANTS VALUES (600, 42, 162, '2017-12-12'); 
INSERT INTO FLIGHT_ATTENDANTS VALUES (601, 45, 189, '2013-10-12'); 
INSERT INTO FLIGHT_ATTENDANTS VALUES (602, 146, 30, '2013-07-04'); 
INSERT INTO FLIGHT_ATTENDANTS VALUES (603, 249, 187, '2012-03-14'); 
INSERT INTO FLIGHT_ATTENDANTS VALUES (604, 237, 124, '2018-06-19'); 
INSERT INTO FLIGHT_ATTENDANTS VALUES (605, 70, 90, '2011-05-23'); 
INSERT INTO FLIGHT_ATTENDANTS VALUES (606, 4, 86, '2014-05-02'); 
INSERT INTO FLIGHT_ATTENDANTS VALUES (607, 62, 161, '2014-02-19'); 
INSERT INTO FLIGHT_ATTENDANTS VALUES (608, 140, 93, '2010-05-16'); 
INSERT INTO FLIGHT_ATTENDANTS VALUES (609, 194, 175, '2018-11-02'); 
INSERT INTO FLIGHT_ATTENDANTS VALUES (610, 193, 60, '2016-10-14'); 
INSERT INTO FLIGHT_ATTENDANTS VALUES (611, 291, 42, '2019-12-11'); 
INSERT INTO FLIGHT_ATTENDANTS VALUES (612, 250, 85, '2016-02-03'); 
INSERT INTO FLIGHT_ATTENDANTS VALUES (613, 290, 174, '2019-01-19'); 
INSERT INTO FLIGHT_ATTENDANTS VALUES (614, 103, 159, '2017-03-06'); 
INSERT INTO FLIGHT_ATTENDANTS VALUES (615, 131, 170, '2015-10-21'); 
INSERT INTO FLIGHT_ATTENDANTS VALUES (616, 288, 190, '2015-04-26'); 
INSERT INTO FLIGHT_ATTENDANTS VALUES (617, 271, 168, '2012-06-20'); 
INSERT INTO FLIGHT_ATTENDANTS VALUES (618, 219, 68, '2012-06-05'); 
INSERT INTO FLIGHT_ATTENDANTS VALUES (619, 76, 105, '2013-05-28'); 
INSERT INTO FLIGHT_ATTENDANTS VALUES (620, 242, 130, '2014-11-26'); 
INSERT INTO FLIGHT_ATTENDANTS VALUES (621, 165, 181, '2018-03-08'); 
INSERT INTO FLIGHT_ATTENDANTS VALUES (622, 266, 52, '2012-03-28'); 
INSERT INTO FLIGHT_ATTENDANTS VALUES (623, 277, 173, '2019-10-28'); 
INSERT INTO FLIGHT_ATTENDANTS VALUES (624, 77, 10, '2019-05-11'); 
INSERT INTO FLIGHT_ATTENDANTS VALUES (625, 80, 188, '2019-05-12'); 
INSERT INTO FLIGHT_ATTENDANTS VALUES (626, 129, 76, '2019-01-27'); 
INSERT INTO FLIGHT_ATTENDANTS VALUES (627, 242, 163, '2017-12-15'); 
INSERT INTO FLIGHT_ATTENDANTS VALUES (628, 105, 78, '2010-07-23'); 
INSERT INTO FLIGHT_ATTENDANTS VALUES (629, 141, 102, '2017-05-09'); 
INSERT INTO FLIGHT_ATTENDANTS VALUES (630, 160, 112, '2010-12-01'); 
INSERT INTO FLIGHT_ATTENDANTS VALUES (631, 178, 173, '2016-03-06'); 
INSERT INTO FLIGHT_ATTENDANTS VALUES (632, 282, 98, '2011-02-14'); 
INSERT INTO FLIGHT_ATTENDANTS VALUES (633, 203, 163, '2013-04-22'); 
INSERT INTO FLIGHT_ATTENDANTS VALUES (634, 231, 57, '2018-04-07'); 
INSERT INTO FLIGHT_ATTENDANTS VALUES (635, 258, 129, '2016-06-21'); 
INSERT INTO FLIGHT_ATTENDANTS VALUES (636, 270, 148, '2019-08-03'); 
INSERT INTO FLIGHT_ATTENDANTS VALUES (637, 265, 20, '2011-01-23'); 
INSERT INTO FLIGHT_ATTENDANTS VALUES (638, 54, 26, '2014-12-21'); 
INSERT INTO FLIGHT_ATTENDANTS VALUES (639, 217, 133, '2019-10-03'); 
INSERT INTO FLIGHT_ATTENDANTS VALUES (640, 116, 24, '2015-01-18'); 
INSERT INTO FLIGHT_ATTENDANTS VALUES (641, 135, 190, '2012-06-09'); 
INSERT INTO FLIGHT_ATTENDANTS VALUES (642, 176, 95, '2011-04-07'); 
INSERT INTO FLIGHT_ATTENDANTS VALUES (643, 43, 195, '2012-04-02'); 
INSERT INTO FLIGHT_ATTENDANTS VALUES (644, 237, 191, '2010-08-02'); 
INSERT INTO FLIGHT_ATTENDANTS VALUES (645, 145, 120, '2012-04-11'); 
INSERT INTO FLIGHT_ATTENDANTS VALUES (646, 0, 30, '2015-04-14'); 
INSERT INTO FLIGHT_ATTENDANTS VALUES (647, 290, 115, '2012-08-09'); 
INSERT INTO FLIGHT_ATTENDANTS VALUES (648, 179, 21, '2019-10-08'); 
INSERT INTO FLIGHT_ATTENDANTS VALUES (649, 81, 75, '2016-06-18'); 
INSERT INTO FLIGHT_ATTENDANTS VALUES (650, 174, 20, '2015-06-07'); 
INSERT INTO FLIGHT_ATTENDANTS VALUES (651, 106, 124, '2012-08-27'); 
INSERT INTO FLIGHT_ATTENDANTS VALUES (652, 118, 21, '2019-04-23'); 
INSERT INTO FLIGHT_ATTENDANTS VALUES (653, 23, 166, '2011-08-23'); 
INSERT INTO FLIGHT_ATTENDANTS VALUES (654, 175, 173, '2011-05-20'); 
INSERT INTO FLIGHT_ATTENDANTS VALUES (655, 141, 138, '2011-11-10'); 
INSERT INTO FLIGHT_ATTENDANTS VALUES (656, 213, 2, '2019-07-28'); 
INSERT INTO FLIGHT_ATTENDANTS VALUES (657, 236, 29, '2010-07-26'); 
INSERT INTO FLIGHT_ATTENDANTS VALUES (658, 19, 17, '2010-11-07'); 
INSERT INTO FLIGHT_ATTENDANTS VALUES (659, 177, 188, '2015-08-03'); 
INSERT INTO FLIGHT_ATTENDANTS VALUES (660, 165, 164, '2013-09-27'); 
INSERT INTO FLIGHT_ATTENDANTS VALUES (661, 189, 120, '2016-02-04'); 
INSERT INTO FLIGHT_ATTENDANTS VALUES (662, 113, 189, '2019-11-23'); 
INSERT INTO FLIGHT_ATTENDANTS VALUES (663, 113, 12, '2018-12-24'); 
INSERT INTO FLIGHT_ATTENDANTS VALUES (664, 121, 33, '2019-01-01'); 
INSERT INTO FLIGHT_ATTENDANTS VALUES (665, 270, 117, '2013-07-10'); 
INSERT INTO FLIGHT_ATTENDANTS VALUES (666, 179, 172, '2018-08-13'); 
INSERT INTO FLIGHT_ATTENDANTS VALUES (667, 61, 8, '2011-11-13'); 
INSERT INTO FLIGHT_ATTENDANTS VALUES (668, 37, 33, '2015-02-14'); 
INSERT INTO FLIGHT_ATTENDANTS VALUES (669, 215, 39, '2016-02-21'); 
INSERT INTO FLIGHT_ATTENDANTS VALUES (670, 280, 162, '2018-09-18'); 
INSERT INTO FLIGHT_ATTENDANTS VALUES (671, 272, 97, '2015-12-03'); 
INSERT INTO FLIGHT_ATTENDANTS VALUES (672, 22, 61, '2012-12-04'); 
INSERT INTO FLIGHT_ATTENDANTS VALUES (673, 65, 109, '2010-09-17'); 
INSERT INTO FLIGHT_ATTENDANTS VALUES (674, 212, 167, '2013-08-18'); 
INSERT INTO FLIGHT_ATTENDANTS VALUES (675, 6, 100, '2018-12-14'); 
INSERT INTO FLIGHT_ATTENDANTS VALUES (676, 63, 101, '2019-05-10'); 
INSERT INTO FLIGHT_ATTENDANTS VALUES (677, 62, 15, '2010-12-15'); 
INSERT INTO FLIGHT_ATTENDANTS VALUES (678, 144, 140, '2012-03-27'); 
INSERT INTO FLIGHT_ATTENDANTS VALUES (679, 179, 76, '2013-04-11'); 
INSERT INTO FLIGHT_ATTENDANTS VALUES (680, 60, 57, '2018-07-07'); 
INSERT INTO FLIGHT_ATTENDANTS VALUES (681, 291, 17, '2016-07-04'); 
INSERT INTO FLIGHT_ATTENDANTS VALUES (682, 221, 192, '2018-10-12'); 
INSERT INTO FLIGHT_ATTENDANTS VALUES (683, 294, 47, '2015-04-02'); 
INSERT INTO FLIGHT_ATTENDANTS VALUES (684, 198, 103, '2014-03-12'); 
INSERT INTO FLIGHT_ATTENDANTS VALUES (685, 62, 94, '2015-10-20'); 
INSERT INTO FLIGHT_ATTENDANTS VALUES (686, 187, 67, '2013-12-08'); 
INSERT INTO FLIGHT_ATTENDANTS VALUES (687, 168, 111, '2016-07-27'); 
INSERT INTO FLIGHT_ATTENDANTS VALUES (688, 36, 102, '2015-02-08'); 
INSERT INTO FLIGHT_ATTENDANTS VALUES (689, 11, 64, '2014-11-18'); 
INSERT INTO FLIGHT_ATTENDANTS VALUES (690, 152, 64, '2012-02-23'); 
INSERT INTO FLIGHT_ATTENDANTS VALUES (691, 79, 141, '2010-01-17'); 
INSERT INTO FLIGHT_ATTENDANTS VALUES (692, 216, 89, '2019-04-08'); 
INSERT INTO FLIGHT_ATTENDANTS VALUES (693, 261, 65, '2011-08-23'); 
INSERT INTO FLIGHT_ATTENDANTS VALUES (694, 73, 72, '2015-04-27'); 
INSERT INTO FLIGHT_ATTENDANTS VALUES (695, 292, 122, '2019-12-05'); 
INSERT INTO FLIGHT_ATTENDANTS VALUES (696, 144, 8, '2014-09-25'); 
INSERT INTO FLIGHT_ATTENDANTS VALUES (697, 274, 1, '2017-09-14'); 
INSERT INTO FLIGHT_ATTENDANTS VALUES (698, 274, 79, '2015-09-28'); 
INSERT INTO FLIGHT_ATTENDANTS VALUES (699, 290, 40, '2015-06-24'); 
INSERT INTO FLIGHT_ATTENDANTS VALUES (700, 274, 170, '2016-06-26'); 
INSERT INTO FLIGHT_ATTENDANTS VALUES (701, 197, 91, '2015-09-13'); 
INSERT INTO FLIGHT_ATTENDANTS VALUES (702, 54, 79, '2016-10-15'); 
INSERT INTO FLIGHT_ATTENDANTS VALUES (703, 228, 88, '2015-11-01'); 
INSERT INTO FLIGHT_ATTENDANTS VALUES (704, 98, 188, '2013-05-24'); 
INSERT INTO FLIGHT_ATTENDANTS VALUES (705, 103, 145, '2015-05-01'); 
INSERT INTO FLIGHT_ATTENDANTS VALUES (706, 209, 80, '2019-10-21'); 
INSERT INTO FLIGHT_ATTENDANTS VALUES (707, 204, 119, '2019-07-16'); 
INSERT INTO FLIGHT_ATTENDANTS VALUES (708, 88, 98, '2010-11-11'); 
INSERT INTO FLIGHT_ATTENDANTS VALUES (709, 202, 70, '2011-03-02'); 
INSERT INTO FLIGHT_ATTENDANTS VALUES (710, 39, 108, '2010-02-09'); 
INSERT INTO FLIGHT_ATTENDANTS VALUES (711, 243, 116, '2013-05-18'); 
INSERT INTO FLIGHT_ATTENDANTS VALUES (712, 237, 69, '2014-05-24'); 
INSERT INTO FLIGHT_ATTENDANTS VALUES (713, 254, 107, '2019-06-15'); 
INSERT INTO FLIGHT_ATTENDANTS VALUES (714, 232, 51, '2014-03-21'); 
INSERT INTO FLIGHT_ATTENDANTS VALUES (715, 77, 147, '2011-05-13'); 
INSERT INTO FLIGHT_ATTENDANTS VALUES (716, 91, 100, '2017-04-20'); 
INSERT INTO FLIGHT_ATTENDANTS VALUES (717, 280, 52, '2014-06-03'); 
INSERT INTO FLIGHT_ATTENDANTS VALUES (718, 193, 97, '2018-10-27'); 
INSERT INTO FLIGHT_ATTENDANTS VALUES (719, 74, 116, '2018-07-12'); 
INSERT INTO FLIGHT_ATTENDANTS VALUES (720, 2, 44, '2014-10-25'); 
INSERT INTO FLIGHT_ATTENDANTS VALUES (721, 239, 150, '2010-04-07'); 
INSERT INTO FLIGHT_ATTENDANTS VALUES (722, 34, 105, '2015-04-14'); 
INSERT INTO FLIGHT_ATTENDANTS VALUES (723, 160, 137, '2010-12-05'); 
INSERT INTO FLIGHT_ATTENDANTS VALUES (724, 27, 70, '2016-04-09'); 
INSERT INTO FLIGHT_ATTENDANTS VALUES (725, 176, 115, '2018-01-06'); 
INSERT INTO FLIGHT_ATTENDANTS VALUES (726, 243, 88, '2014-06-10'); 
INSERT INTO FLIGHT_ATTENDANTS VALUES (727, 107, 112, '2017-04-03'); 
INSERT INTO FLIGHT_ATTENDANTS VALUES (728, 38, 137, '2019-08-05'); 
INSERT INTO FLIGHT_ATTENDANTS VALUES (729, 8, 1, '2015-02-08'); 
INSERT INTO FLIGHT_ATTENDANTS VALUES (730, 220, 86, '2018-04-23'); 
INSERT INTO FLIGHT_ATTENDANTS VALUES (731, 37, 33, '2015-07-08'); 
INSERT INTO FLIGHT_ATTENDANTS VALUES (732, 30, 25, '2016-01-03'); 
INSERT INTO FLIGHT_ATTENDANTS VALUES (733, 182, 185, '2013-06-05'); 
INSERT INTO FLIGHT_ATTENDANTS VALUES (734, 232, 107, '2012-07-13'); 
INSERT INTO FLIGHT_ATTENDANTS VALUES (735, 78, 102, '2011-06-08'); 
INSERT INTO FLIGHT_ATTENDANTS VALUES (736, 256, 52, '2010-10-12'); 
INSERT INTO FLIGHT_ATTENDANTS VALUES (737, 93, 109, '2019-07-14'); 
INSERT INTO FLIGHT_ATTENDANTS VALUES (738, 39, 44, '2016-10-05'); 
INSERT INTO FLIGHT_ATTENDANTS VALUES (739, 290, 126, '2013-03-01'); 
INSERT INTO FLIGHT_ATTENDANTS VALUES (740, 239, 157, '2013-08-06'); 
INSERT INTO FLIGHT_ATTENDANTS VALUES (741, 82, 170, '2018-08-23'); 
INSERT INTO FLIGHT_ATTENDANTS VALUES (742, 52, 67, '2013-08-22'); 
INSERT INTO FLIGHT_ATTENDANTS VALUES (743, 206, 45, '2010-01-21'); 
INSERT INTO FLIGHT_ATTENDANTS VALUES (744, 110, 175, '2012-01-04'); 
INSERT INTO FLIGHT_ATTENDANTS VALUES (745, 13, 153, '2016-09-01'); 
INSERT INTO FLIGHT_ATTENDANTS VALUES (746, 147, 61, '2012-07-25'); 
INSERT INTO FLIGHT_ATTENDANTS VALUES (747, 119, 2, '2011-11-01'); 
INSERT INTO FLIGHT_ATTENDANTS VALUES (748, 244, 183, '2010-05-23'); 
INSERT INTO FLIGHT_ATTENDANTS VALUES (749, 255, 179, '2012-03-23'); 
INSERT INTO FLIGHT_ATTENDANTS VALUES (750, 191, 64, '2015-04-03'); 
INSERT INTO FLIGHT_ATTENDANTS VALUES (751, 286, 128, '2013-10-13'); 
INSERT INTO FLIGHT_ATTENDANTS VALUES (752, 255, 81, '2011-03-01'); 
INSERT INTO FLIGHT_ATTENDANTS VALUES (753, 286, 59, '2017-10-04'); 
INSERT INTO FLIGHT_ATTENDANTS VALUES (754, 153, 143, '2018-05-15'); 
INSERT INTO FLIGHT_ATTENDANTS VALUES (755, 169, 80, '2012-01-13'); 
INSERT INTO FLIGHT_ATTENDANTS VALUES (756, 260, 162, '2012-09-27'); 
INSERT INTO FLIGHT_ATTENDANTS VALUES (757, 53, 45, '2015-02-22'); 
INSERT INTO FLIGHT_ATTENDANTS VALUES (758, 150, 175, '2018-04-03'); 
INSERT INTO FLIGHT_ATTENDANTS VALUES (759, 250, 102, '2011-02-23'); 
INSERT INTO FLIGHT_ATTENDANTS VALUES (760, 193, 136, '2013-12-04'); 
INSERT INTO FLIGHT_ATTENDANTS VALUES (761, 261, 87, '2014-12-07'); 
INSERT INTO FLIGHT_ATTENDANTS VALUES (762, 134, 62, '2013-12-11'); 
INSERT INTO FLIGHT_ATTENDANTS VALUES (763, 225, 68, '2015-06-24'); 
INSERT INTO FLIGHT_ATTENDANTS VALUES (764, 297, 170, '2017-08-25'); 
INSERT INTO FLIGHT_ATTENDANTS VALUES (765, 155, 198, '2010-01-01'); 
INSERT INTO FLIGHT_ATTENDANTS VALUES (766, 235, 187, '2013-03-25'); 
INSERT INTO FLIGHT_ATTENDANTS VALUES (767, 12, 117, '2010-03-25'); 
INSERT INTO FLIGHT_ATTENDANTS VALUES (768, 51, 144, '2019-09-20'); 
INSERT INTO FLIGHT_ATTENDANTS VALUES (769, 154, 141, '2014-10-24'); 
INSERT INTO FLIGHT_ATTENDANTS VALUES (770, 195, 115, '2010-04-04'); 
INSERT INTO FLIGHT_ATTENDANTS VALUES (771, 149, 102, '2019-08-14'); 
INSERT INTO FLIGHT_ATTENDANTS VALUES (772, 266, 48, '2010-07-04'); 
INSERT INTO FLIGHT_ATTENDANTS VALUES (773, 160, 103, '2015-12-13'); 
INSERT INTO FLIGHT_ATTENDANTS VALUES (774, 138, 90, '2018-01-15'); 
INSERT INTO FLIGHT_ATTENDANTS VALUES (775, 51, 139, '2012-11-11'); 
INSERT INTO FLIGHT_ATTENDANTS VALUES (776, 8, 175, '2018-02-22'); 
INSERT INTO FLIGHT_ATTENDANTS VALUES (777, 105, 14, '2013-08-01'); 
INSERT INTO FLIGHT_ATTENDANTS VALUES (778, 285, 141, '2011-06-13'); 
INSERT INTO FLIGHT_ATTENDANTS VALUES (779, 203, 105, '2010-05-05'); 
INSERT INTO FLIGHT_ATTENDANTS VALUES (780, 219, 198, '2013-08-16'); 
INSERT INTO FLIGHT_ATTENDANTS VALUES (781, 152, 37, '2019-11-12'); 
INSERT INTO FLIGHT_ATTENDANTS VALUES (782, 220, 5, '2012-01-25'); 
INSERT INTO FLIGHT_ATTENDANTS VALUES (783, 109, 8, '2013-09-28'); 
INSERT INTO FLIGHT_ATTENDANTS VALUES (784, 215, 52, '2015-11-10'); 
INSERT INTO FLIGHT_ATTENDANTS VALUES (785, 78, 42, '2010-10-26'); 
INSERT INTO FLIGHT_ATTENDANTS VALUES (786, 147, 80, '2019-08-26'); 
INSERT INTO FLIGHT_ATTENDANTS VALUES (787, 144, 48, '2012-12-14'); 
INSERT INTO FLIGHT_ATTENDANTS VALUES (788, 144, 127, '2013-03-19'); 
INSERT INTO FLIGHT_ATTENDANTS VALUES (789, 58, 29, '2012-09-01'); 
INSERT INTO FLIGHT_ATTENDANTS VALUES (790, 23, 9, '2019-09-09'); 
INSERT INTO FLIGHT_ATTENDANTS VALUES (791, 148, 7, '2015-07-28'); 
INSERT INTO FLIGHT_ATTENDANTS VALUES (792, 18, 130, '2017-06-07'); 
INSERT INTO FLIGHT_ATTENDANTS VALUES (793, 26, 22, '2018-04-04'); 
INSERT INTO FLIGHT_ATTENDANTS VALUES (794, 95, 190, '2012-07-11'); 
INSERT INTO FLIGHT_ATTENDANTS VALUES (795, 225, 42, '2013-10-18'); 
INSERT INTO FLIGHT_ATTENDANTS VALUES (796, 288, 128, '2013-05-21'); 
INSERT INTO FLIGHT_ATTENDANTS VALUES (797, 153, 3, '2014-03-10'); 
INSERT INTO FLIGHT_ATTENDANTS VALUES (798, 195, 182, '2014-10-20'); 
INSERT INTO FLIGHT_ATTENDANTS VALUES (799, 259, 39, '2013-11-11'); 